Price,Close,High,Low,Open,Volume
Ticker,CMC,CMC,CMC,CMC,CMC
Date,,,,,
2020-01-02,20.49195671081543,20.8128601803202,20.326920540853937,20.8128601803202,1901200
2020-01-03,20.336090087890625,20.6203180851793,19.960175132152397,19.96934400287568,3358000
2020-01-06,20.281076431274414,22.04145919881502,19.620931800457257,21.839747562161737,10063900
2020-01-07,20.767017364501953,20.95039128886526,20.106874384604083,20.161885862399735,3669600
2020-01-08,21.24378776550293,21.463835421291243,20.812861324848726,20.85870393067755,3258900
2020-01-09,20.9045467376709,21.372148666514548,20.592812118441802,21.133763266587394,2129100
2020-01-10,20.72117805480957,21.078755340551492,20.601984460373178,20.90455025956641,1599100
2020-01-13,20.72117805480957,20.867876518128494,20.574479591490647,20.858707645573105,2048900
2020-01-14,20.48151969909668,20.748831114383698,20.343255962070444,20.693525971196966,1784100
2020-01-15,20.453866958618164,20.546043364619305,20.204991189850695,20.352472736205037,1905500
2020-01-16,20.324813842773438,20.63821248435927,20.177332335923424,20.582907358820076,1396000
2020-01-17,20.112815856933594,20.49995537629857,19.891593525599152,20.463085866802235,1681800
2020-01-21,19.863935470581055,20.029852620153275,19.421490910467398,19.92846017395123,2721300
2020-01-22,20.149682998657227,20.17733468558776,19.670367166518915,19.95611239955126,2409500
2020-01-23,20.131248474121094,20.17733579361514,19.605845296167367,19.919243991458806,1884400
2020-01-24,19.854726791381836,20.278735879510826,19.67959176196727,20.085166971830823,1233500
2020-01-27,19.52288246154785,19.771758152082953,19.071220148049793,19.403052643978434,1705700
2020-01-28,19.320098876953125,19.86393770249295,19.31088281926884,19.744109613292686,1174300
2020-01-29,19.476797103881836,19.71645502655213,19.32931557579527,19.356969021605938,1764200
2020-01-30,19.80863380432129,19.827069437079732,19.25557712839893,19.283230577536592,1316600
2020-01-31,18.942176818847656,19.661150613192923,18.813130916574874,19.587409846448683,1907300
2020-02-03,18.840782165527344,19.32009621439126,18.757823592852784,19.034350996355748,2257000
2020-02-04,19.23714256286621,19.32009939106244,19.080443206284638,19.301665517084746,1336300
2020-02-05,19.983768463134766,20.057509234809412,19.356971024840927,19.42149398029141,2174700
2020-02-06,19.790197372436523,20.17733685413765,19.661151464575696,20.103596084200227,1015200
2020-02-07,19.393840789794922,19.688803853680717,19.32931608121618,19.52288669071532,958200
2020-02-10,19.72567367553711,19.753327122516563,19.24635780993802,19.264793441257652,1387900
2020-02-11,19.937679290771484,20.094378649627828,19.753328241487868,19.863938519434303,989400
2020-02-12,19.661149978637695,20.26951172417271,19.615062660204455,20.195770959808417,1124300
2020-02-13,19.476797103881836,19.615062574816672,19.320097760525048,19.458363231459888,847500
2020-02-14,19.172616958618164,19.504451288440702,19.10809400740124,19.476797841582634,574900
2020-02-18,19.071229934692383,19.35697526780087,18.868441449547795,19.062012116447715,1010200
2020-02-19,19.347749710083008,19.476795597649403,19.05278667672076,19.163398693290784,1196600
2020-02-20,18.951393127441406,19.338532561593,18.693301343419293,19.15418153845126,1205100
2020-02-21,19.154184341430664,19.218707296878332,18.711737953283386,18.785478724954817,1405100
2020-02-24,18.849998474121094,18.960608723438213,18.41677001629411,18.435205643886366,1019000
2020-02-25,18.001981735229492,18.942176032666865,18.001981735229492,18.914524345109538,1671200
2020-02-26,18.02963638305664,18.508952304758292,17.73467327989217,18.22320701833256,1370000
2020-02-27,17.03413200378418,17.780759203874247,16.905086108611385,17.430489262521718,1834400
2020-02-28,16.831342697143555,16.91430126187599,16.222981061184477,16.287503998616774,2236700
2020-03-02,17.439712524414062,17.45814816037329,16.388905888404228,16.99726781010666,1378300
2020-03-03,17.126306533813477,18.13102541496405,16.886648641618837,17.46735862296846,1457200
2020-03-04,17.789979934692383,17.836069022304514,17.0802255666548,17.458147294479655,1041100
2020-03-05,16.628562927246094,17.23692481403618,16.38890494788653,16.97883119977536,1417300
2020-03-06,16.0847225189209,16.305944842947316,15.716016887424791,15.881934069974289,1874300
2020-03-09,13.29178237915039,14.923298382695226,13.171953445636445,14.333371528255578,2033400
2020-03-10,14.361027717590332,14.37024553304974,13.199609341483054,13.99232388980672,1466900
2020-03-11,13.80797004699707,14.019975391147737,13.347089857779931,13.715794536589161,2531600
2020-03-12,12.452983856201172,13.918583108317037,12.093496965229214,12.618900138984236,2391700
2020-03-13,13.964670181274414,13.964670181274414,12.360807241935584,13.503789965667217,2054100
2020-03-16,11.78931713104248,13.374745487098748,11.604965201049739,12.213327009555458,1945900
2020-03-17,12.250198364257812,12.60046749847178,11.568095729816651,12.194892341356908,2977800
2020-03-18,10.59102725982666,11.955233170095465,10.001101139977887,11.42982912078108,2421800
2020-03-19,11.512788772583008,12.047409807979895,9.918143482637653,10.600246061722048,2887500
2020-03-20,12.084278106689453,12.849339141720565,11.337652700964727,11.761662505360453,4058000
2020-03-23,12.305502891540527,13.107434412250237,12.075062769070176,12.185673922368828,2681200
2020-03-24,13.116649627685547,13.651271450389622,12.628116878298156,13.190391265933052,2349300
2020-03-25,12.526726722717285,13.448487324782612,12.075064238679534,13.033695229665097,2063900
2020-03-26,13.540661811828613,13.669708602613058,12.342373824933192,12.7848184578067,2406500
2020-03-27,12.42533016204834,13.264132890920799,12.342372461840919,12.87699344038251,1833500
2020-03-30,13.540661811828613,13.6420560328233,12.028975103784786,12.425331534302467,1760100
2020-03-31,14.554597854614258,15.015478970841901,13.522226228844259,13.669707764088646,2757000
2020-04-01,14.278068542480469,15.02469398244089,13.771100141077914,14.001540243619147,2671100
2020-04-02,14.490073204040527,15.116869655349918,13.937016632649527,14.250415297833815,1624600
2020-04-03,13.589088439941406,14.573669873728507,13.273278999957203,14.248572598196294,1601000
2020-04-06,14.592249870300293,14.731577171938012,14.211421085723908,14.239286368887175,1084400
2020-04-07,14.805883407592773,15.613983608928983,14.601536841154612,15.223866148170638,1229400
2020-04-08,15.149555206298828,15.428211493729743,14.564380014485657,14.973074839732341,1011900
2020-04-09,15.697583198547363,16.403510245475022,15.52110099390473,15.688294474972185,2216300
2020-04-13,14.945210456848145,15.874061315463232,14.852325016658153,15.576829324169191,1295900
2020-04-14,15.22386646270752,15.77188866346782,15.028808614119574,15.400348638793698,911000
2020-04-15,14.016359329223633,14.731574016003442,13.644818461415683,14.360034034016683,1030500
2020-04-16,14.322881698608398,14.322881698608398,13.626243487142313,13.997783512262375,1249600
2020-04-17,14.889480590820312,15.261020597141322,14.70370970183856,14.99165298528203,858400
2020-04-20,14.332171440124512,14.778019501981303,14.137112691606825,14.304305271892444,789400
2020-04-21,14.053512573242188,14.229993833759755,13.654106449674613,13.7562806036037,948800
2020-04-22,14.04422664642334,14.517940856632107,13.849167906091571,14.517940856632107,1002900
2020-04-23,14.332171440124512,14.88948240326686,14.164977974017535,14.174266696761558,1090200
2020-04-24,14.276436805725098,14.80588148256509,13.997781386296253,14.712996933302914,988200
2020-04-27,15.12169361114502,15.279598338366378,14.211419249173574,14.350746532805942,1785900
2020-04-28,15.010231018066406,15.63256121746333,14.620113553196058,15.604695051528818,1337500
2020-04-29,16.310619354248047,16.617140043667185,15.548961990942448,15.548961990942448,1179700
2020-04-30,14.805883407592773,15.781177059488638,14.778018127773256,15.716157777969338,2476900
2020-05-01,14.833745002746582,15.04738111106197,14.267145544125636,14.322876972414305,1458500
2020-05-04,14.805883407592773,15.14026942289081,14.490074836055266,14.499362672114255,1125300
2020-05-05,14.70370864868164,15.641848204724258,14.657265929762673,15.093826070287061,951000
2020-05-06,14.48078441619873,14.889479272795189,14.415765142303409,14.815170392287602,704000
2020-05-07,14.963790893554688,15.038098906247654,14.675846680003396,14.843039265651882,809800
2020-05-08,15.688291549682617,15.706868993368962,15.214577365536064,15.288885368638903,706800
2020-05-11,14.89876937866211,15.418925389823734,14.666555766402675,15.168135220076298,1106900
2020-05-12,13.542646408081055,14.991653354212977,13.53335768623913,14.935922794803972,2104000
2020-05-13,13.329010963439941,13.561223691821674,12.966758788268784,13.394030243924023,1405900
2020-05-14,13.570511817932129,13.589089261794143,12.743835054140655,12.98533562359788,910900
2020-05-15,13.756281852722168,13.784147130950755,13.32901041465853,13.51478041255115,893500
2020-05-18,15.065958023071289,15.251728875511903,14.56437955610907,14.647976262543132,2246400
2020-05-19,14.982365608215332,15.400349260113693,14.861615759690615,14.861615759690615,1331900
2020-05-20,15.24244499206543,15.725447944351354,15.205291872774126,15.288886834090237,1392200
2020-05-21,15.093826293945312,15.456077558074432,15.028807017988024,15.298172842902847,1183900
2020-05-22,15.047388076782227,15.149560489996821,14.768731692164588,15.075252475094015,1081500
2020-05-26,15.920503616333008,16.069119616335648,15.456078173414145,15.790465059241315,1457200
2020-05-27,16.552122116088867,16.635718835595775,15.883350131676034,16.394217398313867,1827300
2020-05-28,16.217737197875977,16.88651103474848,16.171295357712115,16.756472464975555,1407900
2020-05-29,15.93908405303955,16.217738662472833,15.716160011164366,15.96695022264,931200
2020-06-01,16.217737197875977,16.32920009456894,15.874063328721064,16.106276072825654,1075000
2020-06-02,16.626428604125977,16.756468918014985,16.301330476866852,16.41279334996568,1268500
2020-06-03,17.694612503051758,17.73176739692948,16.840069431935536,17.12801454455932,1573100
2020-06-04,17.843223571777344,17.852512292662905,17.267337050011445,17.629588306336522,1049000
2020-06-05,18.57701873779297,19.16219404851072,18.511999455673504,18.72563474596391,1348900
2020-06-08,18.279788970947266,18.78136761733741,18.019710038821735,18.57702102386628,1576600
2020-06-09,17.815357208251953,17.982550622395724,17.58314452675053,17.787491048680604,1218800
2020-06-10,17.926820755004883,18.344804347529607,17.3787986099802,17.806070923632408,2020800
2020-06-11,16.273466110229492,17.378797264167154,16.2177337877805,16.970104196061484,2184900
2020-06-12,16.979394912719727,17.31378002851566,16.58927746792241,17.1372996349387,1492400
2020-06-15,17.025836944580078,17.313780227832137,16.189871488002893,16.254890767610537,1071600
2020-06-16,18.279788970947266,18.49342428752746,17.768919829805274,18.0011325926036,2072200
2020-06-17,18.047574996948242,18.354095752405243,17.824650972219757,18.1961910134339,1607800
2020-06-18,19.050729751586914,19.59875185470318,17.926819384102917,18.05685969830082,2732200
2020-06-19,18.855670928955078,19.59875264760992,18.66990182802312,19.338673780334375,2495300
2020-06-22,19.11574935913086,19.19934607271354,18.697765791217453,18.88353665954392,1663500
2020-06-23,19.08788299560547,19.682348704980512,19.07859604676539,19.654482543533433,1644600
2020-06-24,18.242633819580078,18.91140770079825,18.08472907225276,18.71634806156203,1523400
2020-06-25,18.74420928955078,18.762786730608248,18.010416312561414,18.038282474147618,1278300
2020-06-26,18.168325424194336,18.521289803313064,18.010420680197583,18.419115624361424,1509900
2020-06-29,18.72563362121582,18.883538341868277,18.33551618028872,18.5305757865735,1242300
2020-06-30,18.948556900024414,19.078597223153466,18.558439473922043,18.58630563708735,920700
2020-07-01,18.456266403198242,19.10646090823363,18.372669688435614,19.087883466810307,1217900
2020-07-02,18.53102684020996,19.175828578262173,18.437577028804192,18.92351462218867,894400
2020-07-06,18.792680740356445,19.147787786261468,18.381502753724522,19.119752315898015,945600
2020-07-07,18.484304428100586,18.858101923720977,18.353473967828158,18.549718767033273,889600
2020-07-08,18.194608688354492,18.680546293924195,17.989020524032057,18.48430328921736,924200
2020-07-09,17.904918670654297,18.29740652386936,17.792780302539835,18.20395669550249,877000
2020-07-10,18.633817672729492,18.680541676852286,17.970325763265496,18.045085239305866,790700
2020-07-13,18.297407150268555,19.063692560777117,18.260028287086502,18.914173543234337,1163300
2020-07-14,19.044994354248047,19.073029826834677,18.213294940649977,18.231985255707734,1094400
2020-07-15,19.278621673583984,19.568316265784194,18.83006471988977,19.390761803210985,1167300
2020-07-16,19.044994354248047,19.362722580603688,18.94220118624349,19.11975383207252,1274200
2020-07-17,19.035655975341797,19.27862300523705,18.960896477895485,19.073034832861445,762300
2020-07-20,18.792680740356445,19.00761399925702,18.643161796564183,18.876785369040395,863600
2020-07-21,19.016965866088867,19.241244360912837,18.923516047643787,18.960896687984633,820800
2020-07-22,19.213207244873047,19.25058788203136,18.830064626034748,18.830064626034748,901200
2020-07-23,19.12910270690918,19.558971124739994,19.07303353324669,19.16648334428877,954400
2020-07-24,19.082374572753906,19.175824363620407,18.727267506349012,19.129098576983903,1118500
2020-07-27,19.29730796813965,19.39075775960701,18.92351058467672,19.007615218756694,965500
2020-07-28,18.559059143066406,19.10106581759914,18.54971398528401,19.10106581759914,1009800
2020-07-29,19.61504364013672,20.082290992543236,18.68989409626068,18.68989409626068,2629800
2020-07-30,19.530933380126953,19.530933380126953,19.044995845027035,19.222550287160985,1207500
2020-07-31,19.325347900390625,19.773904864068406,19.14779343386557,19.624385876175815,1326900
2020-08-03,19.914077758789062,20.11032253520192,19.21320686749872,19.50290145256499,1147700
2020-08-04,19.979496002197266,20.054255507276867,19.68980314281471,19.829976992038063,987100
2020-08-05,20.250499725341797,20.540192576187227,20.250499725341797,20.521502254866324,1074700
2020-08-06,20.259838104248047,20.502806852867295,20.044904828225597,20.21311231658672,935500
2020-08-07,20.446741104125977,20.456086264033274,19.914079466259018,20.082288779776373,823900
2020-08-10,21.362546920776367,21.49337559314703,20.53084552274393,20.549535842341733,1290000
2020-08-11,21.016780853271484,21.80175636698073,20.951366524196843,21.49337325676687,1129900
2020-08-12,21.287790298461914,21.437309310614168,21.016785974931445,21.409273827432912,783000
2020-08-13,20.76446533203125,21.119574209117097,20.614946367702466,20.86726028840978,953600
2020-08-14,20.727087020874023,20.960710631510736,20.343944442022355,20.55887773603052,1182900
2020-08-17,20.54018783569336,21.054160858954916,20.334599695832775,20.95136589782126,1237200
2020-08-18,20.465431213378906,20.75512403789658,20.371981397674404,20.689709701625524,991500
2020-08-19,20.119665145874023,20.568222031706263,20.044905664901982,20.36263390463481,1356900
2020-08-20,19.970149993896484,20.129014144071487,19.530936399785435,19.652421693546476,997200
2020-08-21,19.3720703125,19.876698191680433,19.26927713083519,19.652419728402503,878300
2020-08-24,19.876705169677734,19.886050331729248,19.381422275392026,19.736531303719865,767300
2020-08-25,19.876705169677734,20.026224197687114,19.484217275551256,19.923429197527888,802700
2020-08-26,19.801942825317383,19.988840692411486,19.61504317581612,19.727183321998307,641700
2020-08-27,19.951457977294922,20.08228663722516,19.76455836390303,19.895388806240078,814600
2020-08-28,20.175737380981445,20.437396495401465,19.988837758909018,20.091632729289543,798100
2020-08-31,19.502904891967773,20.231809606714144,19.493559731213697,20.119671242479548,1066600
2020-09-01,19.848663330078125,19.867353648198485,19.082378111211764,19.512244733539006,961300
2020-09-02,19.848663330078125,19.951458297333264,19.521589892599184,19.848663330078125,840200
2020-09-03,19.222551345825195,19.858007883275086,19.11041300533803,19.68979859013755,951300
2020-09-04,19.39076042175293,19.70848868691877,19.04499668057595,19.57766003034699,745300
2020-09-08,18.830066680908203,19.119759520870986,18.6992380013909,19.04500002080294,913600
2020-09-09,18.876792907714844,19.194521235763634,18.577753118298773,19.1291051121242,658800
2020-09-10,18.428232192993164,18.98892928886582,18.41888703344781,18.942205273545984,1034700
2020-09-11,18.77399253845215,19.016961295044947,18.48429977507122,18.568404413215138,827000
2020-09-14,19.259933471679688,19.30665748676473,18.773995872204747,18.970238874450246,901300
2020-09-15,19.38141632080078,19.57766109877505,19.13844752933147,19.446830652656583,722800
2020-09-16,20.07294464111328,20.29722314307796,19.241244973526708,19.49355895663963,1374900
2020-09-17,20.250499725341797,20.456087912650304,19.493559535916635,19.773907226101613,941300
2020-09-18,20.0635986328125,20.69905525272728,20.007529455292673,20.269188587730234,2337400
2020-09-21,18.47495460510254,19.59634680894082,18.12919089491494,19.540277644350557,1648500
2020-09-22,18.306751251220703,18.643169912408055,18.138541920627024,18.559065247111217,988600
2020-09-23,18.502992630004883,19.02631089677541,18.22264495898333,18.26002559906995,1274700
2020-09-24,18.858102798461914,19.437488497946802,18.119851150761363,18.48430528550277,1083100
2020-09-25,18.876792907714844,19.101071412971557,18.409545576161577,18.577753118298773,718100
2020-09-28,19.269275665283203,19.605692443410053,19.06368575277644,19.33468998929657,753900
2020-09-29,18.717924118041992,19.362723992906847,18.652508010568447,19.250585659194122,641700
2020-09-30,18.67119598388672,19.194514083562307,18.577746195915616,18.811369774640145,1126800
2020-10-01,18.78333854675293,19.026307314346738,18.559060095683265,18.70857906306304,922400
2020-10-02,19.213207244873047,19.5215903718016,18.325438501245696,18.381507674576284,1017600
2020-10-05,19.932771682739258,20.044911829890314,19.465524337356335,19.512248358931757,860800
2020-10-06,19.68045425415039,20.437396104915035,19.661765718225734,20.091632345409433,1628000
2020-10-07,20.671018600463867,20.783156939474516,20.082286082234294,20.082286082234294,1128800
2020-10-08,21.29713249206543,21.353201668208264,20.783159399800688,20.942023550877867,866100
2020-10-09,21.156953811645508,21.65223651260823,21.026125158805314,21.493372384556544,1593900
2020-10-12,21.69896125793457,21.811101380175984,21.05416134786845,21.119575676506454,947800
2020-10-13,21.5307559967041,21.764379641898856,21.128923041784006,21.418615862751555,890400
2020-10-14,21.42795753479004,22.0821025654212,21.42795753479004,21.652235983784152,1198100
2020-10-15,20.848573684692383,21.38123531276351,20.044909553921453,20.400016711833217,1475000
2020-10-16,20.203773498535156,20.530845173904538,19.820629082918117,20.203773498535156,1708400
2020-10-19,19.727174758911133,20.512150094226264,19.643070131384054,20.362631152490657,1387600
2020-10-20,19.474863052368164,20.28787216609691,19.390758415443592,19.848660448473712,1702300
2020-10-21,19.4561710357666,19.988832501443362,19.4561710357666,19.474861349539296,1027100
2020-10-22,19.829967498779297,19.886038437551388,19.390755839502628,19.474860465254427,847400
2020-10-23,19.932771682739258,20.138359873041164,19.783252674809297,19.99818602590772,884100
2020-10-26,19.428142547607422,19.801940011078944,19.297312098587213,19.661766185077987,1100500
2020-10-27,19.353384017944336,19.65242381354973,19.306659996784795,19.362729178657677,718400
2020-10-28,18.479238510131836,18.958608598782668,18.45103963687177,18.883413396217538,1001000
2020-10-29,19.18419075012207,19.296984430045597,18.216051122827093,18.32884480275062,884100
2020-10-30,19.409774780273438,19.43797364622016,18.855209632883234,19.061997730903393,1098200
2020-11-02,19.701156616210938,19.729355483196333,19.33458030937405,19.729355483196333,803400
2020-11-03,19.37217903137207,20.114731276293295,19.306383467077175,20.114731276293295,1270000
2020-11-04,17.764881134033203,18.9680060286731,17.558094799102292,18.949206782008062,2599500
2020-11-05,18.281848907470703,18.855211564777214,17.9528692755635,17.9528692755635,1647400
2020-11-06,18.131460189819336,18.592030999637085,17.934071675443196,18.432240980492566,1537600
2020-11-09,18.99620246887207,20.011340241205264,18.72362057254891,19.513170978055985,962000
2020-11-10,19.45677375793457,19.466171587541364,18.96800414982691,19.231186405888987,1437100
2020-11-11,19.541372299194336,19.66356382816275,19.2029929992895,19.50377380240713,1146200
2020-11-12,18.94921112060547,19.372185303438503,18.667229527246946,19.21239525578994,714800
2020-11-13,19.616567611694336,19.719959892857986,19.07140195474004,19.07140195474004,834800
2020-11-16,20.424915313720703,20.641101290312218,20.020740440130922,20.020740440130922,1150900
2020-11-17,20.556509017944336,20.66930092607301,19.99254409891579,20.058339677456694,799800
2020-11-18,19.560169219970703,20.763294192339895,19.560169219970703,20.678699369676714,1185300
2020-11-19,19.701156616210938,19.973740285352473,19.419175117535584,19.456773606849442,630600
2020-11-20,19.50377082824707,19.719956773421966,19.2687856375453,19.644761584109187,576000
2020-11-23,19.494373321533203,19.879748932691776,19.306386224243248,19.738758161525578,1194900
2020-11-24,20.095937728881836,20.14293585441327,19.607169772921132,19.879751729822758,1562400
2020-11-25,19.710561752319336,20.048941079622807,19.597769838414944,20.020742204749133,673300
2020-11-27,19.654163360595703,19.91734744842777,19.409778520350557,19.635364113008787,446300
2020-11-30,18.714218139648438,19.475569561788944,18.714218139648438,19.475569561788944,1246100
2020-12-01,19.62596321105957,19.917346151295476,19.353381309981074,19.691760573328676,1519500
2020-12-02,19.165393829345703,19.578968315503747,19.062001552402396,19.578968315503747,1222700
2020-12-03,18.319446563720703,18.986805485352573,18.291247693411236,18.573231018121337,1520600
2020-12-04,18.733022689819336,18.91161196533755,18.45103934013873,18.516836710020716,1524000
2020-12-07,18.968008041381836,18.968008041381836,18.451039460006402,18.667227234004507,1138600
2020-12-08,19.409774780273438,19.41917440225568,18.695419644774283,18.723618510721007,1215200
2020-12-09,19.231189727783203,19.729359044343454,19.052602249691294,19.522572694176258,1115800
2020-12-10,19.30638313293457,19.56016576328047,18.939805035244476,19.108994650671498,941300
2020-12-11,18.704822540283203,19.09959776865398,18.46983732798619,19.033802196057998,1351700
2020-12-14,18.573230743408203,19.231188239077003,18.54503187351582,18.99620303502497,1558700
2020-12-15,19.362783432006836,19.390980512394876,18.56383328643663,18.911612217847793,1151100
2020-12-16,19.48497200012207,19.588366059940043,19.23118755845692,19.456774924022454,919200
2020-12-17,19.259384155273438,19.616562614619323,19.07139709653915,19.607162992763424,1104100
2020-12-18,18.874011993408203,19.32518316628771,18.836415292065684,19.268787217876493,3086200
2020-12-21,19.005603790283203,19.03380266185509,18.44164070120493,18.44164070120493,1170500
2020-12-22,18.770618438720703,19.108997723996733,18.761218814930267,19.052601774049037,584400
2020-12-23,18.780012130737305,19.061995376999626,18.71421657778107,18.84580768369354,794200
2020-12-24,18.817615509033203,18.817615509033203,18.43223991907554,18.789416639233316,275400
2020-12-28,18.939807891845703,19.18419272956696,18.648426728437435,18.93040826814932,730700
2020-12-29,18.686025619506836,19.062003440228576,18.60143258191907,18.93041048585792,799300
2020-12-30,19.062002182006836,19.193593334896466,18.714223258633535,18.714223258633535,794200
2020-12-31,19.30638313293457,19.42857463696818,18.83641277576823,19.06199833207272,1174500
2021-01-04,19.22178840637207,20.312119496177587,19.108994731346314,19.654160276249073,1453700
2021-01-05,19.89854621887207,20.114732166203922,19.16539177116152,19.16539177116152,1056200
2021-01-06,22.07921028137207,22.473985508832403,20.36851822664226,20.584704191186162,2572500
2021-01-07,21.80662727355957,22.708969580870825,21.68443396561442,22.44578551150764,2170900
2021-01-08,21.20506477355957,21.440049982730027,20.509508769550397,21.148668825341222,2274100
2021-01-11,20.359119415283203,21.129870653742547,20.105334946191967,20.678699459443656,1805800
2021-01-12,21.32726287841797,21.599844850050115,19.701163503058257,19.9267509322097,1818300
2021-01-13,20.725692749023438,21.242661235420336,20.509506807538497,21.242661235420336,1096500
2021-01-14,20.56590461730957,21.233263540347124,20.537707539735568,21.073473527179953,1301700
2021-01-15,20.01134490966797,20.152335702230065,19.635367072442122,20.1147372013894,1169000
2021-01-19,20.030139923095703,20.697498889220775,19.964344347448506,20.208729194705928,1190500
2021-01-20,20.03014373779297,20.313722203489228,19.765469180981324,20.171932970641098,1311400
2021-01-21,19.87889862060547,20.266456639390732,19.65203552202002,20.011234977376738,1266200
2021-01-22,20.342077255249023,20.37043401514863,19.311739576785968,19.47243449369161,1212900
2021-01-25,20.067949295043945,20.58784544747961,19.756012324761567,20.41769768133512,1384800
2021-01-26,19.79383087158203,20.351536837994885,19.604777329325803,20.351536837994885,1149200
2021-01-27,19.34954833984375,19.963971220540223,19.12268525588787,19.33064443505807,1889800
2021-01-28,18.744579315185547,19.812726515214585,18.602790119138852,19.774916904310942,1598000
2021-01-29,18.61224365234375,18.961990228502277,18.37592771598623,18.88636920098577,3144100
2021-02-01,19.028160095214844,19.226666436949692,18.461003239852808,18.924182299970564,1548500
2021-02-02,19.28338050842285,19.38736009985584,18.971443537071437,19.160497011868227,1311200
2021-02-03,19.548051834106445,19.850535902240452,19.179399601436533,19.21720920847965,1425200
2021-02-04,19.737104415893555,19.935610721909413,19.377905018601673,19.71820051294466,1740800
2021-02-05,20.417695999145508,20.427148852368898,19.878895986044085,19.963969862107195,1430300
2021-02-08,21.183359146118164,21.504748944915328,20.64455913135451,20.64455913135451,2062500
2021-02-09,20.663461685180664,21.381862196239744,20.51221966211003,21.136093458013182,2171100
2021-02-10,20.833616256713867,21.202268583700114,20.54058316316035,20.86197301851421,1522500
2021-02-11,20.663461685180664,21.15499735868666,20.568934970024735,20.90923042340723,1285600
2021-02-12,21.003759384155273,21.041570798684763,20.540580373853885,20.540580373853885,1050300
2021-02-16,21.750516891479492,21.816685058777534,21.230620800092698,21.277885064553683,992400
2021-02-17,22.04355239868164,22.25151159678659,21.59927904418526,21.778879678108346,1568800
2021-02-18,21.589824676513672,22.213698621214093,21.40077120111155,22.138077591642755,1128900
2021-02-19,22.194793701171875,22.364941474485843,21.712708944431515,21.84504710309106,1643300
2021-02-22,23.25348472595215,23.48034777169958,22.128620546542308,22.223147266340543,1847700
2021-02-23,23.508708953857422,23.801740195303708,23.092792422066054,23.215675909463716,1559500
2021-02-24,25.342519760131836,25.380331174244798,23.537066204029397,23.622140082836104,1645000
2021-02-25,24.39725112915039,25.616641944500234,24.27436766392651,25.11565162608604,1811000
2021-02-26,23.77338409423828,24.48233194080372,23.537068145383135,24.22711028333274,1270700
2021-03-01,25.862415313720703,25.96639309433362,24.624118573157823,24.63357142647671,1627200
2021-03-02,26.372859954833984,26.911660038397898,25.90968090399926,25.99475479118805,2542100
2021-03-03,26.94947052001953,27.28031320282171,26.401217601042163,26.599722128954927,2852200
2021-03-04,25.72062873840332,27.251956983305817,25.38033497516211,26.817136473573488,1644700
2021-03-05,27.18578338623047,27.26140440777009,26.013656650892667,26.382308905529893,1898200
2021-03-08,28.622587203979492,28.77382926082648,27.32757506391117,27.412648946256045,1642200
2021-03-09,27.686777114868164,28.887260751005797,27.62060713547373,28.650944804868434,1663500
2021-03-10,28.017620086669922,28.235032143571154,27.24250401400246,27.516631397381193,1423300
2021-03-11,27.9230899810791,28.35791040859616,27.620604088911602,28.35791040859616,1136200
2021-03-12,27.828563690185547,28.736015972119493,27.677321643196557,28.12159493085829,1159100
2021-03-15,27.138521194458008,27.800206535696606,26.921110966288683,27.78130082813036,1264800
2021-03-16,26.769866943359375,27.507173257703908,26.56190958426355,27.138519199057953,1200400
2021-03-17,26.7982234954834,27.28976100156445,26.42011841501614,26.65643431567658,1853000
2021-03-18,27.251953125,28.669848712779284,26.968374728623132,26.968374728623132,1870400
2021-03-19,27.19523811340332,27.667869981333386,26.37285786990811,27.41264833994375,3054200
2021-03-22,26.81713104248047,27.21414185498106,26.552456566497618,27.110162274604342,1102200
2021-03-23,25.682817459106445,26.609175548270525,25.50321683269378,26.023113003267785,1324600
2021-03-24,26.495742797851562,27.299215519834362,26.18380584146069,26.37285750424298,1243400
2021-03-25,27.78129768371582,28.017613592704073,25.99474998870777,26.193254486843195,2063400
2021-03-26,30.002670288085938,30.078291313647785,28.00816325983942,28.357911629905136,1746600
2021-03-29,29.322084426879883,30.65490628237918,29.066862760180612,29.77581063238014,1671500
2021-03-30,29.749103546142578,30.18561264434331,29.23667793352504,29.454934292574727,1185700
2021-03-31,29.265146255493164,30.72650656040611,29.11331684848264,30.0242932905458,1579500
2021-04-01,29.227184295654297,29.40748237236635,28.230803712146404,28.96148377202503,1326100
2021-04-05,29.957866668701172,30.223569022795463,29.360038634425525,29.749101696880146,818300
2021-04-06,29.4833984375,30.204588967941078,29.25565434524742,29.654206959176722,848100
2021-04-07,29.53084945678711,29.84399784383435,29.189232376390354,29.682678868085812,897200
2021-04-08,28.876083374023438,29.673188671330802,28.316211753058756,29.255656894181868,953400
2021-04-09,28.116931915283203,28.89505982185587,27.75633755707321,28.629357477420143,1177400
2021-04-12,28.183361053466797,28.35416777753053,27.794297974859045,28.1359132329358,766600
2021-04-13,27.21544647216797,28.23080627376704,27.12055264371168,28.23080627376704,967100
2021-04-14,27.70888900756836,28.126418897719446,27.43369712501748,27.73735588510881,795700
2021-04-15,27.936635971069336,28.28774077005843,27.57603979865175,28.183359191684218,852400
2021-04-16,27.84174346923828,28.373146379687928,27.58553067296909,28.24029610456283,638100
2021-04-19,27.680421829223633,28.135909994193973,27.205954538225594,27.908165911708803,690600
2021-04-20,26.778934478759766,27.841742055647053,26.69353021767288,27.841742055647053,901400
2021-04-21,27.272380828857422,27.348295526246655,26.579658988937027,26.684042376578155,863700
2021-04-22,26.826383590698242,27.367276063720333,26.276001553769714,27.338807372001025,1010700
2021-04-23,27.329317092895508,27.462169174159662,26.82638288866078,27.215445948896747,726300
2021-04-26,27.851234436035156,28.17387238611817,27.22493766468562,27.395746204135374,912400
2021-04-27,27.84174346923828,27.97459374436338,27.481147279685512,27.661445374461895,659000
2021-04-28,28.116931915283203,28.430080266606062,27.604508163095407,27.765827120440463,667000
2021-04-29,28.29723358154297,28.72425493738089,27.879701790273597,28.47753168844669,509600
2021-04-30,27.727872848510742,28.325702756848262,27.661447705350884,27.851235380049967,829600
2021-05-03,28.847614288330078,29.179741792675593,27.993573427119674,28.19284884375741,1198200
2021-05-04,29.578292846679688,29.80603694343598,28.230805583409726,28.249784710626713,1406600
2021-05-05,29.787059783935547,29.900932744810675,29.179742152466368,29.900932744810675,1141200
2021-05-06,30.57468032836914,30.593659458703634,29.68268111209224,29.98633995764621,769700
2021-05-07,30.802417755126953,31.01118453571436,29.91042049062345,30.65058835649022,641400
2021-05-10,30.76446533203125,31.789316682018022,30.76446533203125,31.219957234180317,868000
2021-05-11,31.257905960083008,31.70390640241303,30.119185469977975,30.185610605657118,1067300
2021-05-12,29.492889404296875,31.371781422196,29.322080874492478,31.096589499744642,1048700
2021-05-13,30.337440490722656,30.916293023640616,29.511868348404178,29.78705845919393,1073400
2021-05-14,30.090717315673828,30.508250884416345,29.758591631354523,30.242548527011667,656800
2021-05-17,31.23892593383789,31.257905060614135,29.84399450481764,29.95786564557682,641300
2021-05-18,30.86884307861328,31.47616067685553,30.811909316214585,31.21995150626455,727500
2021-05-19,30.147653579711914,30.375395863392825,29.2556545221989,30.10020576232075,871600
2021-05-20,29.521358489990234,30.14765523433387,29.065868467781826,30.052761404292568,807100
2021-05-21,29.25565528869629,30.138164805852796,29.208209280011207,29.891441578802112,758300
2021-05-24,29.85348129272461,29.948375113587602,29.037398777180705,29.189228166581852,522800
2021-05-25,28.989952087402344,30.043270100976713,28.93301651665348,29.86297201533129,632700
2021-05-26,29.189231872558594,29.4454446784337,28.78118965800549,28.980466888113682,684800
2021-05-27,29.948379516601562,30.51774071553796,29.91042306864546,29.96735864555429,1164100
2021-05-28,29.86297035217285,30.014799739013426,29.103823417969963,30.014799739013426,696200
2021-06-01,30.95424461364746,31.020669743856512,30.185608119879934,30.5367147066337,937100
2021-06-02,30.289995193481445,30.963739760468638,29.93888856393331,30.925781504323208,981900
2021-06-03,30.51774024963379,30.574677635622734,29.341061421768853,29.87246435468704,770800
2021-06-04,30.77395248413086,30.944761019020834,30.375398029421387,30.840377623266008,672500
2021-06-07,31.096590042114258,31.694419906856666,30.413355910980076,30.61263132592803,1381100
2021-06-08,32.178382873535156,32.28276629353347,30.84038478607378,31.0586393824796,1534900
2021-06-09,31.144033432006836,32.073988910086044,31.115566552237528,31.969605524400926,1442600
2021-06-10,31.191478729248047,31.57105401040256,30.944757330426327,31.46667062709016,1191700
2021-06-11,31.409738540649414,31.703909614099036,31.125058841771686,31.381271656731272,787900
2021-06-14,30.992202758789062,31.59952030141475,30.84037337313264,31.37177803287916,1010000
2021-06-15,31.049144744873047,31.134549013226007,30.271016765440606,30.840377951143896,1291500
2021-06-16,29.749103546142578,30.72650694986715,29.50238030413591,30.72650694986715,1353500
2021-06-17,28.61037826538086,30.34692853752977,28.468038435194714,30.337438974190807,2518300
2021-06-18,28.344676971435547,29.18922817651034,28.05999550874974,28.44905854546616,2805800
2021-06-21,28.838125228881836,29.388507287733553,28.32570142716784,28.686295820229592,1693200
2021-06-22,29.037399291992188,29.09433486153977,28.392123470622497,28.866590773400315,1316100
2021-06-23,28.99944305419922,29.606762474723556,28.885571907191014,29.322080987304545,700400
2021-06-24,30.166635513305664,30.35642137068007,28.942508859961137,29.322082384659286,1020500
2021-06-25,29.492889404296875,30.403867626603912,29.492889404296875,30.39437625278229,2450800
2021-06-28,29.227184295654297,29.73012027387252,29.027908902932346,29.663695142965203,1089900
2021-06-29,28.998552322387695,29.77019527515164,28.96044560026181,29.42724204413277,1338600
2021-06-30,29.265291213989258,29.360556199361486,28.960444714420902,29.008078115621245,1016500
2021-07-01,29.6654052734375,29.99883184266244,29.036658859254988,29.760670267077288,992000
2021-07-02,29.408193588256836,29.75114503826057,29.26529518230751,29.75114503826057,707700
2021-07-06,28.83660125732422,29.246239418981446,28.560332983823876,29.19860601819081,1084000
2021-07-07,29.208139419555664,29.503459304301103,28.731816204211274,28.85566125773698,805500
2021-07-08,28.769914627075195,29.198604306895234,28.474593010567048,28.769914627075195,881000
2021-07-09,29.693981170654297,29.808299510466213,29.25576298790838,29.512977889713916,680300
2021-07-12,29.77972412109375,29.97977897571592,28.817551121793727,29.170031058974388,794000
2021-07-13,29.274822235107422,29.78925214218017,28.931870780754323,29.465352234103715,703800
2021-07-14,29.13192367553711,29.95120007201137,28.836603832377467,29.693985135858483,731900
2021-07-15,29.398666381835938,29.97977940867497,28.922343215919106,28.96997480569932,755300
2021-07-16,28.66512680053711,29.522508091822562,28.588915170579035,29.474876504484488,958500
2021-07-19,28.179277420043945,28.598442299900498,27.674374228011537,28.007800795692233,1609600
2021-07-20,28.93187141418457,29.141452964046053,27.86490666709708,28.122121626264885,976600
2021-07-21,29.522506713867188,29.789248314784636,29.22718688869221,29.427241726608923,705900
2021-07-22,29.24624252319336,29.48440410133979,28.80802427454903,29.312927474349777,471000
2021-07-23,29.417713165283203,29.67492806932628,28.969970115934,29.67492806932628,680300
2021-07-26,30.30367660522461,30.48467990090421,29.627298642096985,29.65587686660583,638000
2021-07-27,30.00835609436035,30.275097691551583,29.503452940864673,29.932144469024067,479900
2021-07-28,30.294151306152344,30.379889617645663,29.41771664635401,30.08456977640679,807100
2021-07-29,31.456378936767578,32.04701858157027,30.684734182548517,30.780000985940543,939100
2021-07-30,31.24679946899414,31.77075423327086,31.01816638068235,31.208692742923038,697800
2021-08-02,30.21793556213379,31.694538201380094,30.17983066056197,31.465901523835768,744200
2021-08-03,30.980056762695312,31.008634987552224,29.770195578306105,30.179833760188163,581500
2021-08-04,30.294151306152344,30.78000294930021,30.16078140695323,30.560894738607775,952500
2021-08-05,30.256046295166016,30.703789395955358,29.979777999744005,30.2846263379082,487000
2021-08-06,30.69426918029785,31.07532557239455,30.53231739726201,30.827639099234585,714200
2021-08-09,31.542123794555664,31.589755389116977,30.256050754082732,30.418000719431603,652400
2021-08-10,33.05683135986328,33.07588472426897,31.44685659113099,31.48496331994236,1444200
2021-08-11,33.999942779541016,34.17141939236712,32.71387181740219,33.28545810411789,1234100
2021-08-12,34.26668167114258,34.314313249736124,33.19019055145729,33.828461699535076,758500
2021-08-13,34.51437759399414,34.762067685589145,33.923737861360486,34.03805440837337,767800
2021-08-16,33.171146392822266,34.24763781105934,32.96156302801747,34.24763781105934,734800
2021-08-17,32.16133499145508,33.00919318522085,31.48495704315444,32.81866321320543,900100
2021-08-18,32.15181350708008,32.79008480124348,31.73265043184101,31.79933538394592,532400
2021-08-19,30.96100616455078,31.656437559236878,30.675212988304867,31.47543606222786,791300
2021-08-20,30.846689224243164,31.370643979633325,30.732369047968785,31.06579744434969,631300
2021-08-23,31.475435256958008,31.86602010244806,31.05626855073442,31.180113589760236,589900
2021-08-24,32.037498474121094,32.71387652535423,32.00891661183212,32.00891661183212,559000
2021-08-25,31.675495147705078,32.41855823188054,31.637388416706877,32.027973324293704,478400
2021-08-26,31.18010902404785,31.83743357974992,31.151530801556348,31.770748637898556,531900
2021-08-27,32.19944381713867,32.418552027356796,31.32301097626618,31.32301097626618,799100
2021-08-30,31.942228317260742,32.45665817599234,31.87554336898707,32.45665817599234,404300
2021-08-31,31.0753173828125,31.90412217616671,30.951475995898516,31.875540319600052,830600
2021-09-01,30.5894718170166,30.941949913686788,29.55108725412805,30.799055155929338,1162300
2021-09-02,30.5894718170166,30.884789830149572,30.34178357277425,30.827633380669415,833500
2021-09-03,30.427518844604492,30.770470226461068,30.09409232535841,30.618046986296292,461300
2021-09-07,30.408470153808594,30.79905681085282,30.284626933547226,30.39894347270716,516700
2021-09-08,29.808303833007812,30.29415185083391,29.51298216943053,30.20841353779904,617700
2021-09-09,29.598718643188477,30.12267516995699,29.427242027774362,29.741615217024066,651100
2021-09-10,29.484405517578125,30.446576740520932,29.46535215432434,29.9893069246024,520100
2021-09-13,29.37008285522461,29.808301060761753,28.84612816165493,29.808301060761753,814800
2021-09-14,28.341228485107422,29.236716549371284,28.169751853968737,29.1795564609726,770300
2021-09-15,29.589197158813477,29.68446216377617,28.8461341175679,28.960450669900062,705900
2021-09-16,28.655601501464844,29.303401295860283,28.607969911829926,29.303401295860283,589800
2021-09-17,28.59844207763672,28.84613033121656,28.426965454617708,28.579388715739363,2457200
2021-09-20,28.293594360351562,28.34122594605453,27.40763305685958,27.53147626990441,1153700
2021-09-21,28.45553970336914,28.627014474443996,27.76010667194794,28.541276180392455,781300
2021-09-22,28.94139289855957,29.331979541134384,28.712758011680926,29.01760452751912,1132000
2021-09-23,29.751142501831055,29.779722543990076,28.912814585813926,29.07476452399126,1345800
2021-09-24,29.50345230102539,30.160778690938248,29.455820717608873,29.551085701470342,670500
2021-09-27,30.770471572875977,30.82763165321017,29.54155891814572,29.741613748230105,829700
2021-09-28,30.541841506958008,30.951479704277716,29.92261996197039,30.770474582543716,710100
2021-09-29,29.551090240478516,30.922899677489404,29.493930151164857,30.856214723652187,735600
2021-09-30,29.01759910583496,30.246513437352924,29.01759910583496,29.846402005815474,1065000
2021-10-01,29.579668045043945,29.903567945073902,28.54128339207062,29.017606560699534,899300
2021-10-04,29.884511947631836,30.236990022375537,29.227185564072162,29.655875261762752,794000
2021-10-05,30.256046295166016,30.522787909673962,29.693984840436528,29.92261973128823,648800
2021-10-06,30.03693962097168,30.45610270045001,29.484404818905983,30.227467797908552,947800
2021-10-07,30.78952980041504,30.98005979759249,30.313206624500133,30.313206624500133,662000
2021-10-08,30.341781616210938,31.199162826667884,30.33225493623572,30.95147641542591,1132500
2021-10-11,30.570419311523438,31.532590456627496,30.54184108598344,31.06579581387405,717500
2021-10-12,30.684738159179688,30.846689928906013,30.446576570920193,30.57994647889632,871300
2021-10-13,30.951480865478516,31.675490477405404,30.48468256472099,31.646912250399332,2832800
2021-10-14,29.50345230102539,30.189358731205218,29.43676735743089,29.57966392470888,2946100
2021-10-15,30.198888778686523,30.608526983048527,29.77019721202195,30.208413642809166,1521700
2021-10-18,30.24652099609375,30.398944263625157,29.60824788192023,29.81782942051875,988200
2021-10-19,30.132205963134766,30.34178934189724,29.817832712019936,30.217944287714165,712000
2021-10-20,30.922897338867188,31.056267236455188,29.846407843274235,29.93214615373183,833300
2021-10-21,30.30367660522461,30.6656813795553,29.77019521572677,30.456099859366848,610200
2021-10-22,30.017887115478516,30.91337520544583,30.00836043380529,30.54184370533363,801000
2021-10-25,31.332534790039062,31.484958045693446,30.094095383590073,30.34178362828558,1095200
2021-10-26,30.89244842529297,31.543017448557524,30.739373575677323,31.447343386552564,1078700
2021-10-27,29.983564376831055,31.03595349306092,29.926161765443055,30.481058541650043,637000
2021-10-28,30.59585952758789,30.758503582790897,30.14620245518972,30.222739868040385,467900
2021-10-29,30.78720474243164,31.437773680337944,30.672399532681062,30.892444372032926,844700
2021-11-01,30.691537857055664,31.236867227806282,30.509758967077303,31.122058355317137,623700
2021-11-02,30.24187469482422,30.50018732284618,30.012262456140327,30.375814711190856,770000
2021-11-03,31.322969436645508,31.380370218495234,29.92615929309661,30.088801532589372,543800
2021-11-04,31.294267654418945,32.13618112835864,30.949848340098516,31.44734249971778,762800
2021-11-05,32.317962646484375,32.729352057462236,31.342108949485237,31.571723086846816,906700
2021-11-08,33.5042839050293,34.240957623095944,33.07375982958884,33.217269071266195,2005000
2021-11-09,32.85371780395508,33.12159785170103,32.39449330085118,33.12159785170103,619300
2021-11-10,32.078773498535156,33.006791708647675,31.992668678528926,32.55713279866048,604000
2021-11-11,33.17900466918945,33.360779907575946,32.44233083531967,32.77718091908221,611200
2021-11-12,32.767608642578125,33.42774309407933,32.71977344747075,32.84414787442308,567600
2021-11-15,32.01180648803711,32.84415437595349,31.763061234484557,32.76761512895752,596000
2021-11-16,32.729347229003906,32.786751667273826,31.45691320222236,32.08834742482206,1113200
2021-11-17,32.64324188232422,33.513855776282824,32.62410706986891,33.054631226132464,834700
2021-11-18,33.17900466918945,33.51385475295199,32.59540568069572,32.70064532119029,978100
2021-11-19,33.5521240234375,34.04005259703108,32.82501942795472,32.93982464837997,782000
2021-11-22,34.681053161621094,35.264652157379,33.64779520527749,33.8582744888865,1064600
2021-11-23,33.65735626220703,35.01589474569995,33.42774222225217,34.843685128131646,932000
2021-11-24,32.413631439208984,33.62866465844697,32.021376907769344,33.29381091479362,1246100
2021-11-26,31.294267654418945,31.81089662589959,30.634133068366246,31.361237671137673,829300
2021-11-29,30.624561309814453,31.88743324127961,30.576726108905536,31.734354759024047,1296900
2021-11-30,29.56260871887207,30.892449009135596,29.266026420236113,30.52889486583045,1012600
2021-12-01,29.926158905029297,31.294264990320496,29.907024094796878,30.55759304433168,951000
2021-12-02,30.758506774902344,31.131626473172133,30.088802974360412,30.528892687725186,994700
2021-12-03,30.43321990966797,31.141191495510178,30.021830595982195,30.83504181782663,788800
2021-12-06,30.34711265563965,31.265563439970563,30.3184122661516,30.911578587781552,749200
2021-12-07,31.045522689819336,31.963971770203948,30.481058508201087,30.89244784308857,991500
2021-12-08,31.590848922729492,31.62911854301044,30.672399933538042,31.007249987016635,1236100
2021-12-09,31.609987258911133,31.648256883460988,30.758508185434334,31.332537955313086,847800
2021-12-10,31.543010711669922,32.74847443873376,31.198591461196965,32.74847443873376,871500
2021-12-13,31.284700393676758,32.02137418762455,30.902011476179307,31.629119689506066,817800
2021-12-14,31.428211212158203,32.35622961874429,31.189031511458086,31.37081041972944,1597500
2021-12-15,31.743925094604492,31.782194716501316,29.878322997442496,31.160326134249978,1629800
2021-12-16,32.71021270751953,33.179006500250765,32.0500780847028,32.16488331267258,1067000
2021-12-17,33.236412048339844,33.55212734819224,31.93527392261385,32.68151340371272,2261200
2021-12-20,31.791763305664062,32.652811631864346,31.16989831415707,32.652811631864346,914700
2021-12-21,32.490169525146484,32.60497840868724,31.954409333659964,32.164884987632846,630700
2021-12-22,33.02593231201172,33.159872355607874,32.365797675891024,32.604977367910585,520300
2021-12-23,33.56168746948242,33.724327866253326,32.76760934522486,32.911118583215746,611900
2021-12-27,34.030479431152344,34.059179820541736,32.89198564040845,33.53298533404974,576100
2021-12-28,34.451438903808594,34.47057371582777,33.7626039190794,33.91567876564058,552500
2021-12-29,34.83412551879883,34.92979592291365,34.30793099698335,34.63321548040251,503100
2021-12-30,34.39403533935547,35.19767913128983,34.33663090793447,34.728885398664815,550900
2021-12-31,34.71931838989258,34.84368917846698,34.288794295926394,34.44186912382639,408500
2022-01-03,34.767154693603516,35.389023254594726,34.5088402290191,34.92022952636555,626700
2022-01-04,35.97262191772461,36.278771611949246,34.92023280002646,34.96806800545052,1172800
2022-01-05,35.67604064941406,37.04414866130962,35.67604064941406,36.27877079342433,914500
2022-01-06,34.13571548461914,36.039583206357435,34.02091028948907,35.91521243229626,1342600
2022-01-07,34.068748474121094,34.76715258432612,33.695628819999804,34.16441887019621,1479100
2022-01-10,34.26966094970703,36.07785857199132,33.95394570037723,34.250526139203416,1822200
2022-01-11,34.39403533935547,34.74802020913848,33.418181902750035,34.59494537494108,1362400
2022-01-12,35.36988830566406,35.561229108672705,34.451435663099936,34.92022938949162,1627800
2022-01-13,36.2118034362793,37.03458214995411,35.589938434952174,35.63777364280927,1211100
2022-01-14,36.278770446777344,36.336174881197884,35.36989062413426,35.55166585874445,907100
2022-01-18,34.92979049682617,36.00131783433653,34.53753606154209,35.85780860086543,918400
2022-01-19,35.1026725769043,36.59129410491294,34.910591552468155,36.33198893511109,1035100
2022-01-20,34.14227294921875,35.92862034407702,34.036628196931716,35.2659446210597,908800
2022-01-21,32.346317291259766,34.10384983113853,32.18304715903826,34.10384983113853,1510500
2022-01-24,33.85415267944336,34.055836114004514,31.357110259323775,31.683646913983193,1990600
2022-01-25,32.76889419555664,33.7389016450145,32.02938469025567,33.26830335486278,1185200
2022-01-26,32.00057601928711,33.40276125694226,31.597209168855127,33.239494768998114,1159200
2022-01-27,32.019779205322266,32.999388962294184,31.82769821429323,32.46156292014092,999700
2022-01-28,32.384735107421875,32.40394357430372,31.2226466747331,31.866117492533373,926800
2022-01-31,32.11582565307617,32.43275991463692,31.645230957817038,31.91414221225083,1317200
2022-02-01,33.325923919677734,33.4219625786798,32.509580663600154,32.749680974745324,1440700
2022-02-02,34.1518669128418,34.52642278283586,32.788095346799125,33.325921320731965,895700
2022-02-03,33.6524658203125,34.79534216349767,33.47959327581181,33.863751636315115,962900
2022-02-04,33.24909973144531,33.863756120555905,32.70167115591612,33.508408582534045,781500
2022-02-07,32.76889419555664,33.460384364386755,32.42314911114158,33.393156560599444,610400
2022-02-08,34.09425354003906,34.17108741924035,32.91296012462674,33.07622662246798,698400
2022-02-09,34.61286926269531,34.7281164112935,33.88296210641162,34.06544072730294,1065000
2022-02-10,33.79652404785156,34.76653151638231,33.55642369713572,34.113458269343965,908600
2022-02-11,34.24790954589844,34.699299320491235,33.15305267135775,33.373944526428225,891000
2022-02-14,34.391971588134766,34.47840785096717,33.6524621535998,34.343948592618844,703800
2022-02-15,35.45801544189453,35.60207710724412,34.19028597592337,34.459200840333246,1106900
2022-02-16,35.49643325805664,36.00544846829277,35.035441046559335,35.24673051736076,540900
2022-02-17,34.77613830566406,35.43881770197145,34.40158229747696,35.12188344049556,696000
2022-02-18,35.29474639892578,35.534846714564736,34.40157293165768,34.70890104258433,1224900
2022-02-22,34.56484603881836,35.94782265751871,34.14226710204074,35.43881111673518,1151300
2022-02-23,33.7100830078125,35.246727233268054,33.57562741660866,34.824148331038735,882900
2022-02-24,34.391971588134766,34.58404891563772,32.21186021548652,32.57681006865428,1146000
2022-02-25,36.16872024536133,36.370403680540505,34.63207931498523,34.63207931498523,1348100
2022-02-28,37.023468017578125,37.55168798037977,36.10148368283634,36.1495030133383,1744400
2022-03-01,36.19752502441406,38.368034094782125,35.79415822195861,37.78218869380986,1463200
2022-03-02,37.388431549072266,37.542095646065206,36.57209172072998,36.98506100469014,1228500
2022-03-03,38.43526077270508,38.52169703694125,37.21555067232371,37.64773199350454,1852200
2022-03-04,38.16635513305664,38.30081074951497,37.3308032359671,37.99348257942714,1846900
2022-03-07,36.94664001464844,38.953878923356065,36.658516687253616,38.34882506492335,1874700
2022-03-08,36.908226013183594,37.849418943458005,35.64049646108822,36.802581273235546,1435100
2022-03-09,37.65734100341797,37.84942203139068,36.37040287873393,37.061893113979345,1048900
2022-03-10,38.9250602722168,39.136349712970606,37.36921132171665,37.36921132171665,1644900
2022-03-11,38.82902526855469,39.309225923705114,38.46407174482109,39.01150019860136,1010300
2022-03-14,39.443687438964844,40.039135314871125,38.3584327696776,39.2323979466326,1866200
2022-03-15,39.414878845214844,39.85666266049102,38.55051602085622,39.09794458840301,1499300
2022-03-16,39.386051177978516,40.69219738216558,38.406445188478,40.125560533691484,1497200
2022-03-17,38.65615463256836,39.856656329231974,38.588926830646436,39.14595771280533,1769900
2022-03-18,38.848236083984375,39.309228301173306,36.72574993912271,39.040317090389884,3947900
2022-03-21,39.443687438964844,39.96230510361264,38.55051379328502,39.1459616691913,1916100
2022-03-22,39.2515983581543,40.04873316022239,38.752189264745375,39.90467150617826,961600
2022-03-23,39.01150131225586,39.46289111334789,38.656153843119775,39.20358231252738,1106600
2022-03-24,41.64300537109375,41.66221383876794,39.57814089162553,39.847055775423634,1508800
2022-03-25,41.825477600097656,41.83508366513071,41.09557419412129,41.29725759613103,1250900
2022-03-28,41.27804946899414,41.73904167608002,40.46170978921213,41.479732872661636,947500
2022-03-29,39.81346893310547,40.69992756487398,38.830657780228954,40.661385086185554,1238200
2022-03-30,39.70747756958008,40.4975799770699,39.138988893399556,40.189247509542795,1065100
2022-03-31,40.1025276184082,40.74810123068504,39.28352021430344,39.70747642604041,1335300
2022-04-01,39.98690414428711,41.18169518659089,39.38951046094165,40.75773529628332,882200
2022-04-04,40.05434799194336,40.16033795486597,39.264245673663424,39.996534282454874,717600
2022-04-05,39.60149002075195,40.63247746138337,39.53404251907425,39.99654124869845,1232500
2022-04-06,39.31242752075195,39.99653997344969,38.73430504605784,39.649668694001065,789500
2022-04-07,40.497581481933594,40.77700893964242,38.98482410828662,39.27388534788299,1250000
2022-04-08,40.90226745605469,41.06606746661467,40.17961256699228,40.90226745605469,821000
2022-04-11,40.63247299194336,41.605650281583635,40.53612047889172,41.08533788963415,851000
2022-04-12,41.0853385925293,41.9525259272811,40.87335864945378,41.01789109711669,625700
2022-04-13,42.1259651184082,42.20304639820054,40.854092759124214,41.23950650931189,629100
2022-04-14,42.70408630371094,42.993147526605696,42.17414011580175,42.33794012771739,839000
2022-04-18,42.06814956665039,42.99314693748379,41.98143083340896,42.73299073775949,1226800
2022-04-19,43.407474517822266,43.503830719312184,41.43221833244465,41.88508329041412,882100
2022-04-20,44.457733154296875,44.79497434557376,43.600183178226565,43.600183178226565,1306700
2022-04-21,41.81763458251953,44.97804438808046,41.355132179917945,44.66007444574351,1745700
2022-04-22,40.613216400146484,41.89472281283132,39.977280085635215,41.8272753003539,1286700
2022-04-25,40.30488204956055,40.43977706844151,37.82858073987905,39.41842329237859,1769200
2022-04-26,38.397064208984375,40.07362528125688,38.204359166141195,40.07362528125688,1233400
2022-04-27,38.252540588378906,39.27389068546862,37.847851857453605,38.637954401683366,927100
2022-04-28,39.919456481933594,40.11216518803316,37.982739315271594,38.75357413966986,977900
2022-04-29,39.50514221191406,40.68066225392835,39.34134216703724,40.27597351995064,1447800
2022-05-02,38.83065414428711,39.55330901176992,38.07909425830106,39.428047805568006,1315700
2022-05-03,39.32206344604492,40.07362336898633,38.464509873616734,38.74393731826369,922600
2022-05-04,40.8155517578125,40.84445677932857,39.148628130812284,39.22570941339283,1127100
2022-05-05,38.41633605957031,40.738467148659865,37.8767560500441,40.468677143896755,980400
2022-05-06,37.82857894897461,38.28144392716109,36.92285266821506,38.069463950033224,1321600
2022-05-09,36.72051239013672,38.13691745898584,36.55670866810268,36.65306487977377,1711400
2022-05-10,35.85332107543945,37.31790225759156,35.207751065705786,37.18300725111666,1767300
2022-05-11,35.0246696472168,36.52779303214958,34.851232192200996,36.06529437731162,1673900
2022-05-12,34.52363586425781,35.36191453553185,33.99368598670409,34.552540884628755,1216100
2022-05-13,35.01504135131836,35.901496326373255,34.86087510889085,34.86087510889085,894800
2022-05-16,35.371551513671875,36.04603022964644,34.84160526383947,35.4486364757779,1149100
2022-05-17,37.11555480957031,37.19263608489445,35.920763799337664,36.28690996506243,937000
2022-05-18,35.54499053955078,37.520246833749866,35.42936676700615,36.79759182302239,1077500
2022-05-19,35.670249938964844,36.296548710734356,34.947594965344685,35.217384979299965,1016500
2022-05-20,35.294471740722656,36.2965505617804,34.465826740614304,36.21946927198217,913500
2022-05-23,36.75905227661133,37.221551033101434,35.57389484831454,35.920769834585464,968500
2022-05-24,36.412174224853516,36.5277979853385,35.612434332100754,36.238736746319496,687600
2022-05-25,37.60696029663086,37.75149274870858,35.94003674723578,36.02675548335982,996000
2022-05-26,38.99446105957031,39.553312292120005,37.78039872316792,37.78039872316792,1063700
2022-05-27,39.84237289428711,39.880915371950096,38.927012941275535,39.50513540376842,678100
2022-05-31,38.28144454956055,39.44732709149253,38.271810766631475,39.206442086517484,1144200
2022-06-01,38.030921936035156,38.599410637615165,37.067382013059756,38.319983177805156,963400
2022-06-02,39.081180572509766,39.273885616483234,38.560868132309956,38.560868132309956,686300
2022-06-03,38.54159927368164,38.89810803779147,37.98274431991886,38.57050429694063,781400
2022-06-06,39.8038444519043,40.10253954250077,38.252544240538576,39.02337561635616,1123200
2022-06-07,41.29732131958008,41.3262263408161,39.60148901188052,39.88091646920567,1114100
2022-06-08,39.3798713684082,41.22023227544235,39.12935263276928,40.82518109672652,1057700
2022-06-09,37.81893539428711,39.21606877454887,37.77075914164618,38.84992263837537,752700
2022-06-10,37.385345458984375,37.6840441358177,36.421805608620794,36.81685680024535,1019000
2022-06-13,35.42936325073242,36.31581821161862,34.98613577028933,36.074933231950006,1244500
2022-06-14,35.785865783691406,36.19055439065209,35.352272160380835,35.55461830166741,1089500
2022-06-15,35.91112518310547,37.12518359199545,35.169199170490145,36.40252881451963,1489300
2022-06-16,34.16712951660156,38.146550978566175,33.829891967118805,35.94004336734009,2398100
2022-06-17,35.13066482543945,35.68951974690326,34.08040615890672,34.658532319967186,2830400
2022-06-21,35.24628829956055,36.04602443701917,35.10175585664488,35.65097325874408,1207000
2022-06-22,33.05905532836914,34.44655146266561,32.84707537394119,33.76243901506469,1546000
2022-06-23,33.14577865600586,33.43483993122409,32.259319912974625,33.06869368895378,1291900
2022-06-24,35.31373977661133,35.43899732061538,33.08796122316671,33.08796122316671,1974100
2022-06-27,34.7548828125,35.689517662479126,34.09004162550388,35.544985211752056,1357700
2022-06-28,34.097129821777344,35.47068618810967,33.932691534231445,35.19984491924088,1549700
2022-06-29,33.139503479003906,34.15516551903449,32.268940760322934,34.10679784860622,1314800
2022-06-30,32.01744079589844,32.530109299135596,31.533793631670758,32.36566734453197,1535500
2022-07-01,32.7042236328125,32.81062291284367,31.53379465311818,31.775618243065207,937100
2022-07-05,31.69823455810547,31.7272522062387,30.44075086492093,31.398371997634083,1473100
2022-07-06,31.9013671875,32.249593743532586,30.83734303459741,31.678889930020315,1015700
2022-07-07,33.33296203613281,34.15516443823836,32.58814495231558,32.878336205961695,1167700
2022-07-08,32.87834167480469,33.826289841903794,32.69455335826691,33.681194190946144,757400
2022-07-11,32.394683837890625,33.08146182278013,32.34631617675475,32.510758106760875,716700
2022-07-12,32.665531158447266,33.516751233079404,32.16253764570715,32.278611936359425,946200
2022-07-13,33.53608703613281,33.64248998501102,32.123838436321634,32.21089505904612,881700
2022-07-14,32.47207260131836,32.60749322646377,31.84332976750291,32.365669627294025,905600
2022-07-15,33.28459930419922,33.34263829508993,32.346322579443125,33.110486021462314,737300
2022-07-18,33.429691314697266,34.36796424786599,33.35230600189355,33.855299465313244,777000
2022-07-19,34.57110595703125,34.706526592346215,33.410351855861386,33.45871584134022,642200
2022-07-20,34.68716812133789,34.83226002699925,34.06810046800716,34.58076517655899,634500
2022-07-21,34.92899703979492,35.035400000980246,34.33894693862891,34.60978815623894,728100
2022-07-22,34.17451477050781,35.38363283586794,33.748902849942326,35.14180922279592,637600
2022-07-25,35.344940185546875,35.402975491147366,34.367970722002866,34.67750465165717,598400
2022-07-26,35.51905059814453,35.80923817239087,35.03540341108891,35.03540341108891,554900
2022-07-27,36.33157730102539,36.56372587985436,35.33526160625107,35.60610653479838,662900
2022-07-28,37.047367095947266,37.08605974950433,36.08974790498437,36.544373669509014,813800
2022-07-29,38.32419967651367,38.55635193537852,37.30854138509178,37.424615669556715,808800
2022-08-01,39.523651123046875,39.900895361529855,38.33387941324078,38.44995371201968,1116800
2022-08-02,38.49831008911133,39.31083739989371,37.85022471821577,39.2818197534162,995900
2022-08-03,37.975982666015625,38.69178226142376,37.66644870311911,38.304862962835166,626300
2022-08-04,38.507991790771484,38.91425367180563,37.35690908130405,38.04369091676017,670600
2022-08-05,39.107704162597656,39.50429463052428,37.83087613464199,37.98564305651739,726600
2022-08-08,39.67841720581055,40.51029099015914,39.62037821273901,39.707434857378644,817800
2022-08-09,40.529632568359375,40.577996545279774,39.26247570940942,39.784815515993515,874600
2022-08-10,41.60332489013672,41.66136387465885,40.713415933739476,41.110006436470385,902100
2022-08-11,41.44855499267578,42.899496292628506,41.400191020664266,42.125661670640625,853400
2022-08-12,42.415855407714844,42.58996868441624,41.43888974616596,41.448561066011564,734000
2022-08-15,41.612998962402344,41.63234529014086,40.73276134494056,41.59365263466382,779300
2022-08-16,42.36749267578125,42.76408321995656,41.92253815108411,41.941884481279885,749600
2022-08-17,41.303470611572266,41.816135450301196,41.16804998926162,41.564640536000745,615000
2022-08-18,41.89352035522461,42.11599761680032,41.64202175348847,41.671043093648905,703900
2022-08-19,41.013282775878906,41.27444900871175,40.48126792027632,41.27444900871175,562500
2022-08-22,40.27813720703125,40.877858686683226,39.8622003303549,40.394211498914004,786100
2022-08-23,40.829490661621094,41.69038198018705,40.626359748463145,40.626359748463145,623600
2022-08-24,41.11967086791992,41.1680385252207,40.09434147598496,40.31681867781867,578800
2022-08-25,42.164363861083984,42.35782348282186,41.26477975644794,41.26477975644794,880400
2022-08-26,41.22608184814453,42.55127768996141,41.22608184814453,42.15468717633535,820100
2022-08-29,41.11967086791992,41.79677748085486,40.48125690485194,40.80046573135302,502300
2022-08-30,39.55265808105469,41.11967360565587,39.165742626427,41.013274346338996,775700
2022-08-31,39.18509292602539,39.57201214625615,38.5660251256043,39.55266581625109,807900
2022-09-01,37.74382400512695,38.29518146058646,37.05704593814194,38.20812482604365,1158900
2022-09-02,37.85022735595703,39.01098126509992,37.66643907563231,38.5950444169076,620500
2022-09-06,38.15976333618164,38.61438917737178,37.531020524622626,38.17910966622263,585000
2022-09-07,38.93359375,39.10770701103329,37.434288393266456,37.80186124321837,768200
2022-09-08,39.040000915527344,39.34953481518001,38.19845585646761,38.507989756120274,856500
2022-09-09,40.34584426879883,40.37486560688364,39.35920364241827,39.46560660554778,668000
2022-09-12,40.30715560913086,41.1003404066034,39.99762169838146,40.723092493563236,1019300
2022-09-13,38.63373947143555,39.65907292920145,38.44995485209165,39.26248234750686,890100
2022-09-14,36.67012405395508,38.00499112243465,36.26386224916349,38.00499112243465,1449900
2022-09-15,36.48634338378906,37.20213912310485,36.215498461673455,36.85391257319553,1365500
2022-09-16,36.360591888427734,36.766853712128636,35.83825209515388,36.24451760878959,2170500
2022-09-19,37.23115921020508,37.37625114116476,35.68348611709074,35.99301999772662,1050700
2022-09-20,36.23484420776367,36.525031764704714,35.731850720429534,36.525031764704714,784800
2022-09-21,36.041385650634766,37.09573663368264,36.012368001080496,36.64111080094702,787500
2022-09-22,35.85759353637695,36.670120762974065,35.78021192380949,36.60241046825217,768200
2022-09-23,34.68716812133789,35.248196798443516,34.28090266763068,34.958009297186514,856800
2022-09-26,34.32927322387695,35.122454182901706,34.097120989314654,34.358290869471766,753800
2022-09-27,35.1998405456543,35.57708474897331,34.68717572472692,34.96769196973571,732800
2022-09-28,36.00270080566406,36.32190605713435,35.074095324260696,35.1708269837483,974000
2022-09-29,34.6388053894043,35.712498813393076,34.33894286977076,35.373947331495856,908200
2022-09-30,34.319602966308594,35.36428263155379,34.06810805982462,34.23254632753816,1077400
2022-10-03,36.34124755859375,36.853912370960884,35.01605536420861,35.09343699157769,1148800
2022-10-04,37.91793441772461,37.927605736418606,36.786198253925605,36.786198253925605,806400
2022-10-05,37.86957550048828,38.09205275950036,37.202140033516905,37.202140033516905,806100
2022-10-06,37.656768798828125,38.14041596686862,37.028026004401454,37.11508264224614,880400
2022-10-07,37.23115921020508,37.64709236423742,36.84424001444276,37.48265410449614,785600
2022-10-10,38.57569885253906,38.82719375436968,37.60840452406973,37.792189118102286,874000
2022-10-11,38.83686828613281,39.475282387469534,38.23714315310818,38.43060275440855,1322500
2022-10-12,38.32419967651367,38.81752184287586,37.82120619058564,38.62406224214432,1054600
2022-10-13,40.67472457885742,40.87785549628225,36.844240036268104,37.93728362849945,1759100
2022-10-14,39.87187576293945,41.6613689006722,39.65906981728693,41.148704056984116,1317100
2022-10-17,41.129356384277344,41.99024776914458,40.607016547413465,40.945571785351966,1345500
2022-10-18,41.77743911743164,42.551277502504036,41.322813309626724,41.787114126709234,1569600
2022-10-19,41.11000442504883,42.174026593017416,40.655374960039794,41.64201550903312,1229100
2022-10-20,41.535621643066406,42.686704380405644,40.55865588887466,40.868189812377125,1028500
2022-10-21,42.415855407714844,42.986559216917186,41.70973098106366,41.77744128978808,1991400
2022-10-24,42.75440979003906,43.2864209293966,41.922536082347094,42.22239865068153,1522100
2022-10-25,43.17034912109375,43.19936677165298,41.44856261918667,41.912867167745695,1589500
2022-10-26,43.81106185913086,44.37410924161277,42.558761647056784,43.597490246873164,1564300
2022-10-27,43.082984924316406,44.09258786118037,42.98590522630229,43.849894170962834,870800
2022-10-28,43.28683853149414,43.529532175715744,42.277232082761586,42.89852721945512,1065600
2022-10-31,44.17024230957031,44.471183755165114,42.81115644952988,43.25771555984725,1097200
2022-11-01,44.422645568847656,45.04394444455582,43.63632048631132,44.53914119109931,879700
2022-11-02,42.063663482666016,44.32556628288919,42.04424754707131,43.93725497741714,1017000
2022-11-03,42.675254821777344,43.02473430546038,41.26763076948137,41.60740413560058,731900
2022-11-04,44.500308990478516,45.48078973302832,43.78193413804331,44.36440113539353,864800
2022-11-07,44.36439895629883,45.276925726484556,44.05375138758832,45.21868162185829,672400
2022-11-08,45.53903579711914,45.89822135795486,43.94696606453794,44.65563106973756,1080700
2022-11-09,44.131412506103516,45.587574408706054,43.82076492980521,45.20897290654319,712800
2022-11-10,46.490394592285156,46.53893258121569,45.00511065238598,45.917637435198024,1119900
2022-11-11,44.71388244628906,47.96597609589886,44.57797088236003,46.95636955455194,1306600
2022-11-14,45.61670684814453,46.16033833470721,44.17995696825578,44.44206659351068,1062000
2022-11-15,45.78173065185547,46.529227549081945,45.31575928148271,46.2865338955621,1310000
2022-11-16,45.85939025878906,46.02442015074388,44.87890591327904,45.26721720514239,759000
2022-11-17,46.257408142089844,46.30594612826906,44.45176691181957,44.89832230980593,566600
2022-11-18,46.072967529296875,46.8107583936081,45.208978617131436,46.80104857256596,565000
2022-11-21,46.03413009643555,46.66513507240762,45.09248124562388,45.752608274784706,812100
2022-11-22,47.160240173339844,47.28643822731247,46.31566345588806,46.81076066311316,978500
2022-11-23,46.67485046386719,46.88841838476377,46.05355153038966,46.519522953089044,441200
2022-11-25,46.56805419921875,47.07285738630531,46.52922233024036,46.70396203743228,168200
2022-11-28,46.315650939941406,46.73308427510723,45.539032073311105,46.08266713155775,503200
2022-11-29,46.9660758972168,47.05344575881008,46.30594887700339,46.820458226824265,532200
2022-11-30,47.781524658203125,47.781524658203125,46.33506894559174,47.16022953712826,754500
2022-12-01,47.62620162963867,48.237786941043446,47.17964251400823,47.81064746436551,908400
2022-12-02,48.140708923339844,48.31544863438878,46.626299328652756,47.12139641102837,656800
2022-12-05,47.771820068359375,48.266917218120724,47.50000434893679,47.89802181089619,902400
2022-12-06,48.28633117675781,48.34457528384052,47.58737226607503,47.79123404728708,873900
2022-12-07,47.83006286621094,49.34447250823738,47.577659407601004,48.13100431202707,1173000
2022-12-08,48.33487319946289,48.800844611055254,47.95627165899482,48.49019700332701,794500
2022-12-09,46.56805419921875,48.344569618055466,46.52922233024036,48.33486350241629,849500
2022-12-12,47.15052032470703,47.27672205505323,45.71377441292545,46.35448547768225,1086900
2022-12-13,47.37379455566406,48.52901857331333,47.199054850527375,48.30573718091916,1143100
2022-12-14,47.422340393066406,47.90772772033714,46.325367699746764,46.92724694866328,1243100
2022-12-15,46.072967529296875,46.975788319207474,45.3934244816034,46.75251057699036,809400
2022-12-16,46.742794036865234,47.11168568355696,45.131308501872915,45.27692245613201,3764700
2022-12-19,45.888519287109375,47.35438741552397,45.42254788794689,46.898125836900505,1103800
2022-12-20,46.81074905395508,48.14070912407449,45.83997452328466,46.354483839512476,1128400
2022-12-21,48.354286193847656,48.363992310843145,47.42233972419192,47.48058753579896,879900
2022-12-22,47.52912139892578,48.383404045571055,46.606884829580316,48.228080264654736,975200
2022-12-23,47.37379455566406,47.93684553959577,47.199054850527375,47.703858031676596,895200
2022-12-27,47.93684387207031,48.567845049148794,47.47087257565198,47.859180137728586,568400
2022-12-28,46.91753387451172,48.257200032818545,46.868992186413365,48.05333827436458,648000
2022-12-29,47.3349609375,47.48057858746837,46.88840557563931,47.09226732302649,603100
2022-12-30,46.88841247558594,47.37379977596097,46.733088687594375,47.13110612577346,740100
2023-01-03,46.432151794433594,47.46117052029946,45.985592655348015,47.00490526443891,1212900
2023-01-04,47.56795883178711,47.83977455436965,46.354490494241524,46.451566479960576,1041200
2023-01-05,47.72328186035156,48.03392945349077,46.90783100255827,47.781529672769445,900200
2023-01-06,49.13090515136719,50.189049657708445,48.07276064502592,48.07276064502592,1034100
2023-01-09,48.85908889770508,50.7423903464508,48.54843760919985,50.412326824174606,1962700
2023-01-10,51.71316146850586,51.732577404171124,49.1017792245099,49.26680912284807,1371300
2023-01-11,54.528411865234375,54.55753762374726,51.91702931555151,52.32475660582833,1801600
2023-01-12,54.24687957763672,54.945834692762816,53.19844135013139,54.84875872497638,1301000
2023-01-13,54.421627044677734,54.91672047614374,53.77120611746094,54.091563522629954,1162300
2023-01-17,53.72267150878906,55.217665420606764,53.373192027770735,54.518706458570115,1130500
2023-01-18,51.33737564086914,54.24840997932628,51.230280197983355,53.82002820778314,1416000
2023-01-19,50.57797622680664,51.31790262669885,50.05223699549021,50.81163563142554,1184100
2023-01-20,50.77269744873047,51.06477357629427,50.1495970055917,50.821376184332856,2019400
2023-01-23,50.500083923339844,51.22054175321294,49.79910204216359,50.95767215504096,1141800
2023-01-24,50.2080078125,50.62665157455939,48.98128673540786,50.62665157455939,867200
2023-01-25,51.8046989440918,51.8533776786891,49.87699208523329,49.984087529716994,1138100
2023-01-26,53.878448486328125,53.91739296158478,51.73655062855638,52.54463177735896,954200
2023-01-27,53.42085647583008,54.23867182965902,53.08983588704338,53.86871048227042,763700
2023-01-30,52.457000732421875,53.75187277279137,52.4277905233661,52.85617225932664,830600
2023-01-31,52.836700439453125,52.85617267432686,51.872845239923215,52.379112204793074,924900
2023-02-01,54.53074645996094,55.00780695084039,51.94099852906341,52.48620998807576,1050000
2023-02-02,54.559959411621094,54.929920767515135,53.605842095876966,54.423657468507564,995000
2023-02-03,55.07596206665039,56.55581866917292,53.76161762345019,54.65731825147858,1263200
2023-02-06,54.46259307861328,54.83255811347685,53.67398799260424,54.53074404372643,971900
2023-02-07,55.533546447753906,55.76720584994685,54.102368682012504,54.47233373509211,1378400
2023-02-08,54.764408111572266,55.903506017597394,54.66705064939801,55.2512028503418,914600
2023-02-09,53.537689208984375,55.50433676633532,53.40138355679784,55.153847659703466,756700
2023-02-10,54.28734588623047,54.92018051184306,53.12877578226865,53.333228674623854,1160100
2023-02-13,55.114898681640625,55.144105176318135,53.187192039996546,53.99526934231576,759400
2023-02-14,55.26094055175781,55.43618696574235,54.37497422059124,54.70599481212322,990800
2023-02-15,55.192787170410156,55.20252514517803,53.71293069137417,54.52101175544513,707000
2023-02-16,55.6016960144043,56.33188812725895,54.7644084640991,54.9688613643506,791400
2023-02-17,55.572486877441406,55.942448189663104,54.77414012182609,55.83535275730194,843000
2023-02-21,54.092628479003906,55.81588216516209,53.91738208963536,55.37776619174071,882300
2023-02-22,54.12184143066406,54.44312404021086,53.55715772777375,53.91738852332072,772600
2023-02-23,51.055030822753906,53.41111928769656,50.35404892499296,53.41111928769656,1491400
2023-02-24,50.75322341918945,50.79216417792637,49.555708738707246,50.55850476970753,868300
2023-02-27,51.074501037597656,51.84363758513807,50.636385047609515,51.17186220978889,670400
2023-02-28,50.38325500488281,51.269221272835836,50.2177465779005,51.03555816621182,1747900
2023-03-01,50.47087478637695,51.60023834499242,50.41245808519123,51.2886900332329,1628900
2023-03-02,51.1718635559082,51.64892031337326,49.70174138571395,50.13985738722711,1336800
2023-03-03,52.85617446899414,53.11904407779135,51.09397614955321,51.59050887081989,1568800
2023-03-06,50.78242874145508,52.52515485736431,50.295633985990996,52.25254726881894,1224100
2023-03-07,50.22747802734375,51.2497461694682,50.04249737566658,50.50008187485724,921400
2023-03-08,50.967403411865234,51.15238777409361,50.2566835982242,50.5974421153061,796300
2023-03-09,49.22468948364258,51.171868603366505,49.02023285347,50.908998976529844,885100
2023-03-10,46.644676208496094,49.46808745060807,46.099464711592205,49.46808745060807,1782800
2023-03-13,45.15507888793945,46.060517356652426,44.843530566871436,45.72949680127404,1680300
2023-03-14,45.19401931762695,46.58625249224095,44.493037457239055,46.381799604375686,1339700
2023-03-15,42.09800720214844,43.7336339738969,41.47490686773377,43.63627651967991,1869600
2023-03-16,43.16896057128906,43.61681087061456,40.72525244762221,41.21204722009324,1631700
2023-03-17,42.88661575317383,43.18842982830559,41.89355404017002,43.03265566041964,2625600
2023-03-20,43.63627624511719,43.94782455338983,43.13000931568695,43.67522071213846,1037100
2023-03-21,44.85326385498047,45.27190759870809,44.30805244795293,44.70722395779219,1158800
2023-03-22,43.353939056396484,44.931156713522626,43.34420479557683,44.63907689364425,1179100
2023-03-23,44.69749069213867,46.67387605141219,44.59039526034473,45.174551148143806,1713500
2023-03-24,45.31085205078125,45.486098441766906,43.60707058260315,44.093865287796895,1104200
2023-03-27,45.51530838012695,46.22602825782189,45.35953421123422,45.95342439074688,1117600
2023-03-28,45.30112075805664,45.96316195187652,45.23296978639425,45.29138649665462,695500
2023-03-29,46.274715423583984,46.547323054295475,45.73924185253792,46.099468987394395,796600
2023-03-30,46.93674850463867,47.40407101499202,46.33312405967592,46.732295602724555,1736900
2023-03-31,47.767059326171875,47.84520390437396,47.05396908954893,47.376325256212695,1370700
2023-04-03,47.29817199707031,48.24569959535944,46.51670766532891,47.71820977406554,1029100
2023-04-04,45.04169845581055,47.70844784939664,44.660734789057706,47.09304299662562,976800
2023-04-05,45.60826110839844,46.31158097642278,44.85610041094272,45.70594649357761,1111600
2023-04-06,45.6375617980957,45.88176963524079,45.01239033121481,45.56918390180034,661600
2023-04-10,46.497169494628906,47.13211134524663,45.77431640218476,45.77431640218476,790600
2023-04-11,46.702308654785156,47.327480128863655,46.69253825444998,47.22002808307218,561200
2023-04-12,46.204124450683594,47.08327420075235,46.09667240052896,46.90744425073859,612200
2023-04-13,46.5753173828125,46.61439152971612,46.05759797844464,46.37018370104211,704800
2023-04-14,46.428802490234375,46.93675534460847,45.91108295991622,46.75115869113812,479100
2023-04-17,46.73161315917969,46.88790603022781,46.0380637767984,46.653464860497635,455300
2023-04-18,47.26886749267578,47.38608620898221,46.81952597490462,46.94651509125414,609400
2023-04-19,47.014892578125,47.39585619755036,46.13574289766973,46.94651468368023,857200
2023-04-20,47.32748031616211,47.913577643851205,46.4678676727443,46.61439386782454,474300
2023-04-21,46.350650787353516,47.06373726392005,45.7157088852916,47.06373726392005,666500
2023-04-24,47.024662017822266,47.0539657667892,46.16504936040416,46.16504936040416,550900
2023-04-25,45.20775604248047,46.25296534336707,45.10030399216793,46.0185278938816,594300
2023-04-26,44.21138381958008,45.35427839949176,44.0062501370858,45.22728928476474,587900
2023-04-27,45.334747314453125,45.36405106544725,44.02579302618268,44.44583084657429,539800
2023-04-28,45.60826110839844,45.823165229476196,44.74865207672027,44.94401539444576,622800
2023-05-01,44.875633239746094,45.93061294191106,44.758414514944235,45.66686801636982,495100
2023-05-02,44.17231750488281,44.69003695920214,43.32247149615367,44.45559578147642,833600
2023-05-03,43.74251174926758,45.01239563304942,43.62529301699964,44.42629451907712,688000
2023-05-04,41.86699295043945,43.566677440845744,41.827918801476656,43.32246959930218,735800
2023-05-05,43.51784133911133,43.869501265296684,42.55078026841793,42.746143581795266,779200
2023-05-08,43.33224105834961,44.289535373430105,42.941507011807516,44.201620399273935,500000
2023-05-09,43.322471618652344,43.82065772535963,42.8633633890453,43.06849709118777,321900
2023-05-10,43.13686752319336,44.26022494268428,42.17957335262474,44.084395020915004,570100
2023-05-11,42.560546875,42.765680589505564,41.56417832785197,42.081901541153684,745100
2023-05-12,42.82428741455078,43.17594730399991,42.54100542290387,42.951276536033184,454800
2023-05-15,43.40061950683594,43.595986532579595,43.03919293131562,43.15641165623538,408100
2023-05-16,42.687530517578125,43.21502033814222,42.589845147298185,42.990345849656286,512300
2023-05-17,44.06486511230469,44.25046173709244,43.068496635742726,43.342008235707006,604700
2023-05-18,44.37744903564453,44.55327897875876,43.42992142289737,43.79135170947436,498000
2023-05-19,44.01602554321289,44.719341638373635,43.65459523144492,44.719341638373635,443500
2023-05-22,44.36767578125,44.494664893400525,43.6643597803513,44.02578631736283,847000
2023-05-23,43.830421447753906,44.152777580536856,43.06849419036274,44.035558862395725,825600
2023-05-24,43.48853302001953,43.66436296464581,42.8145207164961,43.47876261958699,618000
2023-05-25,43.468994140625,43.73273904661365,42.74613731758397,43.09779719223551,430400
2023-05-26,43.84996032714844,44.11370524856136,43.38108170896414,43.92810862667049,420400
2023-05-30,42.62892150878906,43.67413080400068,42.51170278468276,43.57644915496478,769100
2023-05-31,41.759544372558594,42.40425297873141,41.48603275973262,42.18934886790172,793100
2023-06-01,42.218658447265625,42.55078130494038,41.603253561450195,41.90607266666779,725800
2023-06-02,44.53374099731445,44.709570936847385,43.361542642533536,43.54714298221599,939200
2023-06-05,43.63505554199219,44.21138619977704,42.89266533981446,44.21138619977704,872800
2023-06-06,45.27613830566406,45.422664520450155,43.24433073361664,43.24433073361664,646600
2023-06-07,45.95991134643555,46.58508277442668,45.39335113718694,45.442191956314566,890500
2023-06-08,45.901309967041016,46.516711077374964,45.52034258395163,46.07713619405347,514200
2023-06-09,45.49103546142578,45.95991406010371,45.24682762505295,45.78408411981001,530600
2023-06-12,45.764549255371094,46.0576016542205,45.0514627858907,45.237063135337465,543100
2023-06-13,46.51670837402344,47.01489445494074,46.01852601942206,46.10644099097712,954900
2023-06-14,46.5655517578125,47.171189917974196,45.98922480030774,47.08327494158402,745500
2023-06-15,47.15165328979492,47.22003119137856,45.989225236556955,46.21389601694835,652200
2023-06-16,46.69253921508789,47.45447022532323,46.44833137010698,47.376321926297656,1654000
2023-06-20,46.1259765625,46.467866037232625,45.491034707921344,46.233428604934765,845100
2023-06-21,46.51670837402344,46.68277164310118,45.627791984440485,45.87199982472499,1039300
2023-06-22,50.629173278808594,50.648706627661326,46.985588875622675,47.522849126974535,2589200
2023-06-23,50.30681610107422,51.381329129211544,49.83793748554252,50.56079062045206,2672500
2023-06-26,49.789100646972656,51.322725739168426,49.769563570638894,50.49241676340673,1137700
2023-06-27,49.896541595458984,50.30680892818362,48.9490140989538,49.818393307521646,1188600
2023-06-28,50.87337875366211,50.94175665040231,49.095542259469234,49.5351171144533,1003000
2023-06-29,51.15665817260742,51.35202519328011,50.55102376220646,50.8147686811672,918600
2023-06-30,51.59757995605469,51.81314263377119,50.91170176692205,51.617176902913954,839200
2023-07-03,52.3912353515625,52.72437594642192,51.52898844644366,51.52898844644366,526600
2023-07-05,51.71515655517578,52.49901945822878,51.54858811780498,51.96011277794601,707700
2023-07-06,51.431007385253906,51.91111946268651,50.58835742663409,51.215444724843685,1112200
2023-07-07,52.254066467285156,52.91054739079866,51.45060656818964,51.61717875359798,1097300
2023-07-10,52.57740783691406,53.07711692792492,51.754354711098344,51.79354860702663,970400
2023-07-11,53.31227493286133,53.43965322185896,52.91054685624004,52.969337698331756,1332800
2023-07-12,54.49786376953125,55.16414504796301,53.65521369753016,53.8903733348678,1100200
2023-07-13,54.801605224609375,54.948580450059964,54.399877177811035,54.74281438688209,816800
2023-07-14,54.125526428222656,54.8016042300076,53.65520721041075,54.8016042300076,867600
2023-07-17,54.066734313964844,54.8309964838131,53.89036554588677,54.26270002713327,672200
2023-07-18,55.28171920776367,55.35031038965873,54.08633536831261,54.09613197273455,764300
2023-07-19,54.468467712402344,55.28172045626329,54.05693930041482,55.05636117211542,700300
2023-07-20,54.48806381225586,54.98777287146906,54.076535406666686,54.93878237354391,824100
2023-07-21,53.821781158447266,54.742815203502694,53.77279066181134,54.742815203502694,845600
2023-07-24,54.517459869384766,54.78201305562339,53.99815383958427,53.99815383958427,461600
2023-07-25,55.31111526489258,55.556071485075684,54.517455765914605,54.723218093811944,765500
2023-07-26,55.45808792114258,55.74223803958968,54.468466415385734,54.62523825009183,709500
2023-07-27,54.64482879638672,55.51687225840998,54.39007225874299,55.51687225840998,538700
2023-07-28,55.115150451660156,55.51687850988729,54.586044110267736,54.83100033449733,656400
2023-07-31,56.06558609008789,56.143970144220006,55.526679365336165,55.526679365336165,655700
2023-08-01,56.69266891479492,56.74165941190457,55.16414073592051,55.40909695920411,700700
2023-08-02,55.360107421875,56.398723172188724,55.13474814107526,56.14396660242526,696400
2023-08-03,55.947998046875,56.437910477189966,54.87019219527616,55.066157914949194,507000
2023-08-04,54.801605224609375,56.104770356814605,54.74281438688209,55.77162975183048,477200
2023-08-07,55.56587219238281,55.791231483064045,54.635037739405135,54.860400767821936,467000
2023-08-08,55.04656219482422,55.1151496375766,54.056936970422186,54.8897903631423,415200
2023-08-09,54.29209899902344,55.262127320346906,54.13532716037611,55.19353987454716,410000
2023-08-10,53.85118103027344,54.987777879230215,53.28288447466292,54.45867522062339,714900
2023-08-11,53.939361572265625,54.40967708946871,53.59642434234738,53.84138057449912,385500
2023-08-14,54.8799934387207,55.1641435693813,53.53763431274328,54.2529060729425,851700
2023-08-15,53.939361572265625,54.43907437898704,53.312274215994854,54.3312930388026,556700
2023-08-16,54.615440368652344,55.41889646995143,54.04714014504626,54.04714014504626,653300
2023-08-17,54.1843147277832,55.93820214745885,54.037343239478616,55.11514910465329,499400
2023-08-18,54.86040115356445,55.1641444990057,53.714004006772015,53.743397559495854,657800
2023-08-21,54.13532638549805,55.066160799402105,53.63561732500472,54.899588620747394,594000
2023-08-22,54.10593032836914,54.879989132284926,53.88057105758503,54.35088654501299,486700
2023-08-23,53.60621643066406,54.11572579914137,53.469041550253856,54.10592919528428,411200
2023-08-24,52.95953369140625,53.645411850743635,52.74397476078927,53.19469330576646,459200
2023-08-25,53.84137725830078,54.02754263768503,52.81256189417738,53.0085238776407,617600
2023-08-28,53.998146057128906,54.70362111875566,53.84137423651574,53.84137423651574,397700
2023-08-29,55.39929962158203,55.51687756063594,53.65520879322845,54.07653379071819,484000
2023-08-30,55.21312713623047,55.76183038125683,55.095549204344486,55.32090846451556,474600
2023-08-31,55.15434265136719,55.84022080570083,55.056357922042245,55.262123984757004,606200
2023-09-01,56.486907958984375,56.88863602543671,55.16414207842028,55.850020267853274,1348200
2023-09-05,55.16414260864258,56.163564482096476,54.74281759127274,56.163564482096476,850400
2023-09-06,54.09613037109375,55.55607107727205,53.439649499934795,55.00736780250488,657300
2023-09-07,53.36125946044922,53.83157493134081,52.80275960515701,53.54742857070336,871300
2023-09-08,52.41083526611328,53.13590359511492,52.23446648603497,53.0673161514995,834000
2023-09-11,51.16645431518555,53.29267242280515,50.696138840749896,52.96933216938976,1407100
2023-09-12,51.460411071777344,51.97971714208271,50.86271720488618,51.31343582204691,729000
2023-09-13,50.85291290283203,51.44080633730714,50.363000461524344,51.44080633730714,659900
2023-09-14,52.205074310302734,52.62639935533778,51.78374926526769,51.78374926526769,640400
2023-09-15,50.637351989746094,51.93072058066069,50.39239576059203,51.70536129836721,2374700
2023-09-18,50.66674041748047,51.37221548217813,50.460978102855336,50.66674041748047,518500
2023-09-19,50.59815216064453,51.852326710717925,50.509967778984056,51.225239435681225,981400
2023-09-20,49.34397888183594,51.274234986947754,49.26559110156932,50.95089099995061,1003700
2023-09-21,48.27597427368164,49.16761480168165,48.0898088844018,48.90306162466159,757200
2023-09-22,48.74628829956055,49.3145885301307,48.481735130612584,48.481735130612584,712200
2023-09-25,49.64772415161133,49.726111934981354,48.62870913194764,48.62870913194764,714300
2023-09-26,48.52092742919922,49.64772377354864,48.29556816032934,49.35377706361989,837000
2023-09-27,48.97164535522461,49.53014521843347,48.56012071401183,48.97164535522461,844800
2023-09-28,48.71689987182617,49.24600252762541,48.49154057185441,48.9618561201958,906400
2023-09-29,48.41314697265625,49.25579696403659,48.050612815109574,49.14801562964116,918000
2023-10-02,47.560699462890625,48.6678988602955,47.207961916280674,48.25637421440736,908800
2023-10-03,46.541683197021484,47.26675527458919,46.149751738162934,46.96300820708704,1150200
2023-10-04,46.855228424072266,47.01200026527164,45.95379127160975,46.57107829385605,842400
2023-10-05,46.6690559387207,46.972799232410516,46.54167766906064,46.64945899433185,927700
2023-10-06,46.708251953125,47.256955251687586,46.267333731099015,46.708251953125,1187800
2023-10-09,47.09038543701172,47.2765508200448,46.12035715382073,46.316322878860205,568700
2023-10-10,47.83504867553711,48.4523393749905,47.34513625261048,47.44311724210174,1069300
2023-10-11,47.36473083496094,48.32495868746175,47.296143398191944,47.884036781278986,1236800
2023-10-12,42.80854034423828,44.58202441947666,41.681744167485704,44.58202441947666,3909800
2023-10-13,42.28923797607422,43.00450962744584,41.50537888811456,42.75955342885001,1841200
2023-10-16,41.95610427856445,42.99472007656024,41.73074498741864,42.896735338408426,1581800
2023-10-17,41.82872009277344,42.86733574439365,41.15264231461791,41.348608025567856,2759600
2023-10-18,40.43737030029297,41.887510568522984,40.143423605253844,41.828719734421156,1572100
2023-10-19,40.456966400146484,41.5445725130407,40.20220986209355,40.47656334443786,1535700
2023-10-20,39.5261344909668,40.50595933830089,39.34976571942784,40.30999362128704,1368100
2023-10-23,39.24198913574219,39.849479568018644,39.046023395020086,39.42815827140922,1035500
2023-10-24,39.46734619140625,39.97685559329821,39.27138419953161,39.73189936571951,979100
2023-10-25,40.71668243408203,40.91342965977096,39.29026973863879,39.29026973863879,1384400
2023-10-26,40.8839225769043,41.83814051570417,40.765871979258534,40.90359767651192,1328700
2023-10-27,41.120018005371094,41.24790428190663,40.50026547577456,41.021646255815575,1295900
2023-10-30,41.7692756652832,41.9069975971081,41.17903774242187,41.64139315866934,1031900
2023-10-31,41.602046966552734,42.29066044458502,41.48399636850728,41.847980083518436,1126500
2023-11-01,42.69398880004883,42.77268544277483,41.38562287187636,41.5626950088116,1066000
2023-11-02,44.62210464477539,44.96640950208571,43.215366937522084,43.28422790898415,2290200
2023-11-03,44.84836196899414,45.79274420821834,44.70080060233473,45.54681109888028,1049600
2023-11-06,45.01559829711914,45.182834776272735,44.45487106300966,44.877876345252496,988300
2023-11-07,44.26795959472656,44.976248149087446,44.14991275321356,44.55324290163763,1111900
2023-11-08,44.50405502319336,44.838524186262994,44.11056056570864,44.11056056570864,631900
2023-11-09,44.336822509765625,45.14348284199674,44.1597503634084,44.887714048726075,839300
2023-11-10,44.44503402709961,44.87787497008025,44.33682285319404,44.52373067462263,721500
2023-11-13,43.913822174072266,44.66146104321793,43.717074905736986,44.34666691493829,824000
2023-11-14,45.42876434326172,45.74355842359991,44.81885128168666,45.222181431660054,720100
2023-11-15,44.91722106933594,45.5271341043619,44.89754597109106,45.241854561414435,906900
2023-11-16,44.08104705810547,45.30087304582247,43.73673849102199,44.97624332829688,977900
2023-11-17,44.61226272583008,45.02543228415597,44.218772018412544,44.69096311889836,1179900
2023-11-20,43.854793548583984,44.58275344560219,43.74658238081715,44.48438170361857,947600
2023-11-21,43.24488067626953,43.99251949290922,42.98911187224549,43.81544733910728,898800
2023-11-22,43.35308837890625,43.835118926205716,43.15634114015868,43.64820736070688,596300
2023-11-24,43.333412170410156,43.57934527438824,43.12682926370249,43.530159404120894,252400
2023-11-27,43.687557220458984,43.697392893631495,42.81203595509007,43.18585533054965,896900
2023-11-28,43.6482048034668,44.24828215780118,43.392436034928835,43.71706577009783,1099900
2023-11-29,44.140071868896484,44.641777495871814,43.93348896491432,43.93348896491432,835000
2023-11-30,44.59259033203125,45.14347805999514,44.061373949230756,44.22860665160802,967300
2023-12-01,45.625511169433594,46.02884131576314,44.2876344637625,44.73031480793917,927500
2023-12-04,45.399253845214844,45.79274457169417,45.094295436264154,45.22218170487463,540500
2023-12-05,44.59259033203125,45.25168922159982,44.19909588122173,45.232014123795224,527100
2023-12-06,44.75982666015625,45.47795090130991,44.671290589184345,44.76966233353468,746700
2023-12-07,45.34022521972656,45.45827205374195,44.41551814009714,44.74014787179977,940300
2023-12-08,45.03527069091797,46.117378645450444,44.93689894625207,45.340229103608685,640500
2023-12-11,45.14347839355469,45.69436987823025,44.809009233687604,44.995920787891734,913600
2023-12-12,45.34022521972656,45.61566908330954,44.82868393547161,45.20250328793507,738900
2023-12-13,46.510868072509766,46.86501234760261,45.12380549682374,45.27136686232623,1068400
2023-12-14,46.648590087890625,48.14386383368463,46.501032474790236,47.21915669927474,1276800
2023-12-15,47.16012954711914,48.24223743049107,46.73712431811831,47.16996897252359,2921500
2023-12-18,46.71745681762695,48.23240197480772,46.68794229162572,48.104519455154794,991500
2023-12-19,47.85858917236328,48.22256915838377,46.76664546166001,46.97322839270068,1105800
2023-12-20,47.86842346191406,48.97020281490357,47.30769623522751,47.691351311103396,1104800
2023-12-21,49.04890441894531,49.11776539565528,48.212729519030034,48.48817717851169,968600
2023-12-22,49.93425750732422,50.199865719122506,49.14727229790789,49.18662249653908,808700
2023-12-26,50.28839874267578,50.53433184025704,49.973604677983076,50.06214074321798,582400
2023-12-27,50.131004333496094,50.721246050160985,49.944096520505006,50.32775157238439,585400
2023-12-28,49.72767639160156,50.27856793443371,49.43255739647927,50.052309913085224,576500
2023-12-29,49.22597122192383,49.79653407443417,49.196456697513014,49.589951166765324,679400
